customer_id,age,gender,country,subscription_length,monthly_fee,nb_support_tickets,last_login_days,contract_type,is_active,churn
C0001,41,F,Spain,13,18.54,2,23,Monthly,1,0
C0002,34,F,Canada,14,30.21,1,85,Monthly,1,0
C0003,43,F,Belgium,6,22.64,0,76,Monthly,1,0
C0004,54,F,France,44,44.27,3,16,Monthly,1,0
C0005,33,M,France,9,43.45,2,77,Monthly,0,1
C0006,33,M,Canada,1,24.93,0,89,Monthly,1,0
C0007,54,F,Germany,7,32.56,0,82,Annual,1,0
C0008,45,M,Italy,14,20.3,1,25,Annual,0,0
C0009,30,M,Spain,10,29.92,0,2,Monthly,1,0
C0010,42,F,Spain,6,29.08,0,1,Monthly,1,0
C0011,30,F,Belgium,3,33.74,2,1,Annual,1,0
C0012,30,F,Netherlands,31,32.99,0,21,Annual,1,0
C0013,38,M,Spain,101,48.48,1,70,Monthly,1,0
C0014,18,M,France,8,21.78,0,3,Monthly,1,0
C0015,18,F,Canada,9,18.32,2,37,Monthly,1,0
C0016,29,F,France,18,26.86,0,83,Monthly,1,0
C0017,23,F,France,23,17.46,0,79,Monthly,1,0
C0018,39,F,Canada,9,20.06,0,72,Monthly,1,0
C0019,25,F,France,43,19.79,0,51,Annual,1,0
C0020,19,F,France,15,22.62,0,30,Monthly,1,0
C0021,53,M,France,11,22.36,0,25,Monthly,1,0
C0022,33,M,Canada,19,36.15,1,35,Monthly,1,0
C0023,36,F,Germany,55,30.95,1,25,Monthly,1,0
C0024,18,M,Spain,29,23.56,2,27,Monthly,0,1
C0025,29,F,France,1,37.15,0,4,Monthly,1,0
C0026,37,F,Spain,8,16.98,0,83,Annual,1,0
C0027,22,F,Spain,12,22.88,0,17,Monthly,1,0
C0028,40,M,France,7,29.63,0,14,Annual,1,0
C0029,28,M,Germany,22,17.52,1,56,Annual,1,0
C0030,32,M,France,32,10.92,0,17,Monthly,1,0
C0031,28,F,Netherlands,24,36.77,1,36,Monthly,0,1
C0032,58,M,Italy,82,31.94,0,85,Monthly,0,1
C0033,35,F,Belgium,6,42.76,1,85,Annual,1,0
C0034,23,M,France,38,28.14,0,21,Annual,1,0
C0035,45,F,Canada,27,34.7,1,51,Annual,1,0
C0036,21,F,Spain,9,23.44,0,14,Monthly,1,0
C0037,38,M,Spain,24,24.64,0,16,Annual,1,0
C0038,18,M,Netherlands,2,47.34,0,61,Monthly,1,0
C0039,20,F,Germany,29,18.01,1,44,Monthly,1,0
C0040,38,M,France,14,33.31,1,62,Monthly,0,1
C0041,44,F,Spain,7,42.08,0,27,Monthly,1,0
C0042,38,M,Spain,20,24.53,0,58,Annual,1,0
C0043,34,M,Italy,19,41.2,3,85,Monthly,1,0
C0044,32,M,France,5,24.97,1,20,Monthly,0,1
C0045,18,M,Germany,1,34.74,1,41,Monthly,0,1
C0046,27,M,France,11,27.24,0,80,Annual,1,0
C0047,30,F,Germany,16,15.53,0,68,Annual,1,0
C0048,48,M,Italy,38,18.65,0,81,Monthly,1,0
C0049,40,F,Spain,48,16.22,3,16,Monthly,1,0
C0050,18,F,France,14,36.58,1,78,Monthly,1,0
C0051,39,F,Germany,26,37.78,0,6,Annual,1,0
C0052,31,F,France,11,32.59,0,88,Monthly,0,1
C0053,27,M,France,25,36.59,0,45,Monthly,1,0
C0054,43,F,Canada,5,30.69,0,39,Monthly,1,0
C0055,48,M,Belgium,9,40.62,0,42,Monthly,1,0
C0056,47,F,Germany,19,31.56,0,78,Annual,1,0
C0057,25,F,Spain,1,25.46,0,82,Monthly,0,1
C0058,32,F,Canada,24,29.88,1,50,Monthly,1,0
C0059,39,F,Canada,33,37.48,1,83,Monthly,1,0
C0060,47,F,France,10,26.63,0,22,Monthly,1,0
C0061,30,M,Netherlands,11,37.63,0,31,Annual,1,0
C0062,33,F,Germany,35,25.94,0,30,Monthly,1,0
C0063,22,M,France,27,19.09,0,16,Annual,1,0
C0064,21,F,France,7,31.95,0,57,Annual,1,0
C0065,45,F,Germany,8,34.29,0,85,Monthly,0,1
C0066,52,M,France,21,26.37,1,46,Monthly,1,0
C0067,35,F,France,15,37.12,0,29,Monthly,1,0
C0068,48,F,France,4,22.63,0,63,Annual,1,0
C0069,40,F,Canada,7,30.4,0,52,Monthly,0,1
C0070,28,F,Canada,42,43.19,1,50,Monthly,1,0
C0071,40,M,France,21,42.31,2,36,Monthly,1,0
C0072,54,F,Canada,77,40.12,0,89,Annual,1,0
C0073,35,M,Canada,27,29.74,0,5,Monthly,1,0
C0074,54,M,Spain,52,34.85,0,33,Monthly,1,0
C0075,18,F,France,5,22.41,0,69,Monthly,1,0
C0076,45,M,Spain,27,17.74,0,24,Monthly,0,0
C0077,37,F,Belgium,1,10.98,0,12,Annual,1,0
C0078,32,M,Spain,20,38.38,0,62,Monthly,1,0
C0079,37,F,France,12,20.78,1,65,Annual,1,0
C0080,18,M,Germany,8,30.59,4,4,Annual,1,0
C0081,33,F,Italy,36,20.72,0,74,Monthly,1,0
C0082,40,F,Germany,35,36.51,1,10,Annual,1,0
C0083,53,M,France,1,26.99,2,87,Monthly,0,1
C0084,29,M,France,17,19.56,0,77,Monthly,1,0
C0085,26,F,Canada,9,31.98,0,43,Annual,0,1
C0086,29,F,Canada,10,20.53,0,91,Monthly,0,0
C0087,46,M,France,33,20.97,1,73,Annual,1,0
C0088,39,M,Netherlands,7,17.14,1,14,Monthly,1,0
C0089,29,M,France,52,16.75,3,39,Annual,0,1
C0090,42,M,Spain,4,26.43,1,43,Monthly,1,0
C0091,37,M,Spain,20,9.28,0,48,Monthly,1,0
C0092,47,M,Canada,21,20.15,0,74,Monthly,1,0
C0093,27,F,Belgium,6,27.88,1,35,Annual,1,0
C0094,32,F,France,8,23.09,0,74,Annual,0,1
C0095,31,M,Canada,33,47.94,0,72,Monthly,0,1
C0096,18,M,France,26,40.2,2,69,Annual,1,0
C0097,39,F,Spain,8,18.06,0,33,Monthly,1,0
C0098,39,F,Spain,14,29.46,3,57,Monthly,1,0
C0099,36,M,Spain,2,27.89,0,36,Annual,1,0
C0100,33,F,France,5,22.7,0,59,Annual,1,0
C0101,19,F,Canada,12,18.03,1,19,Annual,0,0
C0102,30,F,France,2,26.91,0,31,Annual,1,0
C0103,31,F,France,34,28.62,0,80,Monthly,1,0
C0104,26,F,Spain,23,19.36,0,3,Annual,1,0
C0105,34,F,Germany,52,38.54,1,32,Monthly,0,1
C0106,40,F,Canada,22,25.99,2,42,Monthly,0,1
C0107,58,M,Germany,51,25.78,3,8,Monthly,1,0
C0108,38,F,France,15,30.87,0,63,Monthly,1,0
C0109,39,M,Canada,17,35.09,0,19,Monthly,1,0
C0110,35,M,Italy,68,18.59,3,38,Monthly,1,0
C0111,18,F,France,19,37.42,0,29,Monthly,0,1
C0112,35,M,Spain,1,10.84,0,50,Monthly,1,0
C0113,36,F,Germany,24,30.38,0,43,Monthly,1,0
C0114,65,M,Italy,43,25.94,1,34,Monthly,0,1
C0115,33,F,Germany,29,29.91,0,22,Monthly,1,0
C0116,39,M,Canada,16,24.73,0,57,Annual,1,0
C0117,35,M,Canada,21,42.27,0,47,Annual,1,0
C0118,21,F,Spain,84,16.37,0,92,Annual,0,1
C0119,49,F,France,2,49.53,0,70,Monthly,1,0
C0120,45,M,Canada,20,31.95,0,56,Annual,1,0
C0121,45,M,Spain,6,25.74,0,97,Monthly,0,1
C0122,25,F,Spain,19,28.81,0,38,Monthly,1,0
C0123,52,M,Germany,17,55.24,1,27,Monthly,1,0
C0124,19,F,Canada,3,21.65,1,63,Annual,1,0
C0125,43,M,Spain,5,16.04,0,61,Monthly,1,0
C0126,62,F,France,18,23.96,1,82,Monthly,0,1
C0127,24,M,Germany,3,35.26,2,61,Monthly,0,0
C0128,29,F,Canada,6,16.37,0,84,Annual,0,1
C0129,37,F,France,33,27.16,0,87,Annual,1,1
C0130,29,F,Netherlands,8,47.55,0,84,Monthly,0,1
C0131,18,F,Spain,13,26.21,1,41,Monthly,1,0
C0132,36,F,Italy,51,25.66,0,50,Monthly,0,1
C0133,23,F,France,5,22.55,0,49,Annual,0,1
C0134,41,M,France,9,37.19,1,45,Monthly,0,1
C0135,24,F,Belgium,17,21.95,2,25,Annual,1,0
C0136,54,F,France,26,44.77,1,40,Monthly,1,0
C0137,26,F,Spain,42,36.42,3,67,Annual,0,1
C0138,32,F,Germany,45,37.05,0,72,Monthly,1,0
C0139,45,F,France,27,29.91,0,18,Monthly,1,0
C0140,21,F,France,5,38.25,0,76,Monthly,0,1
C0141,38,F,Italy,1,36.76,0,22,Monthly,1,0
C0142,51,F,Netherlands,9,27.55,0,69,Monthly,0,1
C0143,18,M,Germany,3,27.71,0,54,Annual,1,0
C0144,38,M,Germany,23,24.42,0,42,Monthly,1,0
C0145,39,F,France,20,29.95,0,20,Annual,1,0
C0146,45,F,Germany,1,36.3,2,30,Annual,0,1
C0147,21,M,Germany,33,24.2,0,8,Monthly,1,0
C0148,20,F,Canada,6,25.52,0,33,Annual,1,0
C0149,42,M,Germany,11,21.8,0,58,Annual,1,0
C0150,39,F,Germany,20,27.81,0,29,Monthly,0,0
C0151,39,M,France,11,30.97,1,0,Annual,1,0
C0152,40,M,Netherlands,11,28.13,1,4,Monthly,0,1
C0153,27,M,France,2,27.59,2,40,Monthly,1,0
C0154,38,M,France,10,15.28,0,62,Annual,1,0
C0155,39,F,Spain,27,26.5,0,21,Monthly,0,0
C0156,27,F,Italy,45,27.65,0,76,Monthly,1,0
C0157,58,M,Germany,10,29.17,1,47,Monthly,0,1
C0158,41,M,Germany,10,30.14,0,65,Annual,1,0
C0159,21,F,Canada,22,30.1,0,23,Annual,1,0
C0160,43,F,France,52,23.48,2,79,Monthly,1,0
C0161,24,F,Canada,6,18.17,1,52,Annual,1,0
C0162,45,F,Italy,11,38.2,0,85,Annual,1,0
C0163,49,M,Germany,29,29.93,0,79,Monthly,1,0
C0164,26,F,Germany,17,34.23,1,78,Monthly,1,0
C0165,47,F,France,3,34.28,0,63,Annual,1,0
C0166,40,F,Spain,18,47.91,0,87,Annual,0,1
C0167,45,F,Germany,4,22.54,0,75,Annual,1,0
C0168,58,F,France,13,33.6,1,62,Monthly,1,0
C0169,33,M,Italy,14,22.34,0,61,Monthly,1,0
C0170,26,M,Netherlands,38,29.69,1,81,Monthly,1,0
C0171,25,M,Germany,12,29.24,0,80,Monthly,1,0
C0172,26,F,Belgium,6,21.99,2,85,Monthly,0,1
C0173,35,M,France,5,26.7,0,44,Annual,1,0
C0174,40,M,France,38,18.2,0,62,Monthly,0,1
C0175,39,M,France,4,33.82,1,83,Annual,0,1
C0176,45,F,Germany,10,35.44,0,64,Monthly,1,0
C0177,36,F,France,4,33.38,1,1,Monthly,1,0
C0178,53,F,France,27,26.27,0,48,Monthly,0,1
C0179,32,F,Belgium,12,28.06,0,30,Monthly,1,0
C0180,68,F,Canada,8,34.3,0,28,Monthly,1,0
C0181,43,F,Spain,9,14.12,0,34,Annual,1,0
C0182,25,F,France,35,24.42,1,80,Annual,1,0
C0183,23,M,France,15,23.12,0,75,Monthly,1,0
C0184,41,F,France,23,22.88,2,23,Monthly,0,1
C0185,33,F,Spain,41,7.31,1,29,Annual,1,0
C0186,44,M,Belgium,42,41.71,2,83,Monthly,0,1
C0187,41,M,Germany,8,29.51,0,41,Monthly,1,0
C0188,35,M,France,55,39.31,0,70,Monthly,1,0
C0189,25,M,Germany,1,39.2,0,49,Annual,1,0
C0190,18,M,France,9,19.71,0,82,Monthly,0,1
C0191,30,M,Germany,41,26.29,0,59,Monthly,1,0
C0192,46,F,Italy,6,43.64,0,29,Annual,1,0
C0193,38,F,Spain,6,39.01,0,11,Monthly,1,0
C0194,21,F,France,7,29.75,2,59,Monthly,0,1
C0195,38,F,France,18,32.06,1,81,Monthly,0,1
C0196,40,F,Netherlands,11,26.06,0,45,Annual,1,0
C0197,25,M,France,24,33.46,1,42,Monthly,1,0
C0198,37,M,France,41,21.84,3,12,Annual,1,0
C0199,36,M,France,21,12.37,1,74,Annual,1,0
C0200,22,F,France,5,19.43,0,79,Monthly,1,0
C0201,40,M,Germany,49,31.65,1,53,Annual,1,0
C0202,42,M,Canada,6,22.95,0,34,Monthly,0,1
C0203,48,F,France,3,29.46,0,51,Monthly,1,0
C0204,48,M,Germany,2,26.4,0,32,Monthly,1,0
C0205,19,F,Spain,15,18.74,0,84,Monthly,0,1
C0206,24,F,Germany,3,41.83,0,83,Monthly,1,0
C0207,42,M,Canada,3,33.98,0,71,Monthly,1,0
C0208,42,F,Canada,7,31.92,0,50,Monthly,1,0
C0209,42,F,France,6,33.33,0,34,Annual,1,0
C0210,75,M,Spain,17,28.84,0,61,Monthly,1,0
C0211,42,M,Germany,31,41.92,1,72,Annual,0,1
C0212,49,F,Netherlands,26,30.32,0,25,Monthly,1,0
C0213,47,F,Germany,6,31.56,0,36,Monthly,1,0
C0214,43,F,Netherlands,6,23.59,0,53,Monthly,1,0
C0215,32,M,Spain,61,21.57,0,10,Monthly,1,0
C0216,45,F,France,1,37.72,0,52,Monthly,1,0
C0217,26,F,Italy,39,34.56,2,40,Annual,1,0
C0218,33,M,Netherlands,5,37.51,0,11,Annual,1,0
C0219,30,M,Canada,53,15.88,0,65,Annual,1,0
C0220,36,F,France,8,38.67,0,12,Monthly,1,0
C0221,63,F,Spain,11,9.26,1,62,Annual,1,0
C0222,18,M,France,23,37.18,0,81,Monthly,0,1
C0223,44,F,France,16,27.06,1,89,Monthly,1,0
C0224,18,F,Germany,7,36.56,0,33,Annual,1,0
C0225,30,M,France,15,17.41,0,43,Annual,1,0
C0226,49,F,Canada,24,41.37,0,13,Monthly,0,1
C0227,36,M,France,1,18.28,1,68,Monthly,0,1
C0228,23,F,Canada,1,26.65,0,58,Monthly,1,0
C0229,27,F,France,12,19.81,3,55,Annual,0,1
C0230,44,F,France,3,15.97,0,61,Monthly,0,1
C0231,27,F,France,20,27.68,2,65,Annual,1,0
C0232,38,F,France,5,44.45,1,67,Monthly,0,1
C0233,36,F,France,11,51.34,1,11,Monthly,1,0
C0234,28,M,France,4,30.78,0,81,Monthly,0,1
C0235,61,M,Italy,15,36.93,0,67,Monthly,0,1
C0236,43,M,France,3,31.86,1,42,Monthly,1,0
C0237,18,M,Germany,1,35.09,0,78,Annual,1,0
C0238,38,F,Germany,1,29.04,0,83,Annual,1,0
C0239,28,M,Canada,56,30.2,1,5,Annual,0,1
C0240,46,F,Belgium,3,31.77,2,14,Annual,1,0
C0241,26,M,Germany,23,27.34,0,41,Annual,1,0
C0242,34,M,France,2,29.38,2,30,Monthly,1,0
C0243,42,M,France,3,26.58,0,85,Annual,0,1
C0244,46,M,Netherlands,13,40.61,1,52,Monthly,1,0
C0245,21,M,France,12,21.47,0,5,Monthly,1,0
C0246,31,F,France,55,29.59,1,32,Monthly,1,0
C0247,30,F,France,53,45.3,3,28,Monthly,1,0
C0248,28,M,France,28,39.31,0,20,Monthly,1,0
C0249,57,F,France,17,36.71,1,53,Annual,1,0
C0250,40,M,Canada,11,32.2,0,55,Monthly,1,0
C0251,20,M,France,8,32.57,1,20,Monthly,1,0
C0252,47,F,Italy,53,36.02,1,54,Monthly,1,0
C0253,61,M,France,17,42.48,0,57,Monthly,1,0
C0254,48,M,France,16,14.39,1,63,Monthly,0,1
C0255,18,M,Belgium,5,20.48,0,85,Monthly,0,1
C0256,30,M,France,1,40.48,0,45,Monthly,1,0
C0257,51,M,Canada,53,29.78,1,83,Monthly,1,0
C0258,27,M,Italy,7,20.36,0,33,Annual,1,0
C0259,41,M,France,11,17.97,0,59,Annual,1,0
C0260,45,F,Netherlands,3,29.56,0,10,Monthly,1,0
C0261,24,F,France,33,18.78,0,46,Monthly,1,0
C0262,35,M,Canada,1,48.73,0,30,Monthly,1,0
C0263,18,F,France,33,26.84,0,76,Annual,1,0
C0264,23,M,Canada,3,31.54,0,17,Monthly,1,0
C0265,32,M,France,40,34.7,0,21,Monthly,0,1
C0266,21,F,Germany,24,38.43,1,65,Annual,1,0
C0267,55,M,Spain,4,32.57,1,27,Monthly,1,0
C0268,18,M,Belgium,16,39.59,0,37,Monthly,1,0
C0269,30,F,Belgium,7,25.95,0,28,Monthly,1,0
C0270,37,F,Canada,4,26.66,0,42,Annual,1,0
C0271,53,F,Canada,36,34.34,2,24,Annual,1,0
C0272,18,F,France,10,23.2,1,28,Annual,1,0
C0273,49,M,France,10,29.96,0,69,Monthly,1,0
C0274,36,F,France,4,33.19,1,89,Monthly,0,1
C0275,24,M,Germany,9,37.15,0,49,Annual,1,0
C0276,41,F,Germany,37,18.7,0,17,Annual,1,0
C0277,38,F,Italy,9,33.72,1,20,Monthly,0,1
C0278,28,M,France,55,25.32,1,49,Annual,1,0
C0279,36,M,Spain,53,30.66,0,42,Monthly,1,0
C0280,31,F,France,3,36.22,1,0,Monthly,1,0
C0281,37,F,France,4,38.58,1,50,Annual,1,0
C0282,43,F,Germany,36,45.83,0,26,Monthly,0,1
C0283,55,F,Canada,9,38.5,0,41,Annual,1,0
C0284,21,M,Spain,1,36.55,1,31,Monthly,0,1
C0285,61,F,Italy,6,30.33,1,40,Monthly,1,0
C0286,18,F,France,17,27.23,1,23,Annual,1,0
C0287,34,F,Italy,29,31.48,3,30,Annual,0,1
C0288,43,M,France,3,35.86,0,5,Monthly,1,0
C0289,39,M,Germany,3,32.53,0,88,Monthly,1,0
C0290,28,F,Germany,46,34.41,1,57,Annual,1,0
C0291,33,M,France,26,29.72,0,96,Monthly,0,0
C0292,30,F,France,17,20.85,0,21,Annual,1,0
C0293,28,F,Netherlands,27,39.89,0,38,Annual,1,0
C0294,46,M,Netherlands,11,34.44,0,72,Monthly,1,0
C0295,40,M,Germany,26,51.39,1,45,Monthly,0,1
C0296,27,M,France,9,17.0,2,66,Monthly,0,1
C0297,46,M,France,6,22.99,0,52,Annual,1,1
C0298,39,F,Germany,24,35.26,0,0,Monthly,1,0
C0299,45,M,Belgium,10,40.1,1,43,Monthly,1,0
C0300,43,F,France,72,33.2,1,56,Monthly,1,0
C0301,26,M,Spain,8,27.48,0,8,Monthly,1,0
C0302,29,F,France,46,20.98,0,4,Monthly,1,0
C0303,44,M,Netherlands,49,24.74,0,78,Monthly,1,0
C0304,43,F,Germany,5,33.82,2,8,Annual,1,0
C0305,35,F,Spain,29,12.68,0,44,Annual,1,0
C0306,37,M,France,11,23.17,1,76,Annual,0,1
C0307,51,F,Italy,45,32.01,1,31,Monthly,1,0
C0308,28,F,France,11,22.14,1,73,Monthly,1,0
C0309,42,F,France,25,38.56,1,41,Annual,1,0
C0310,33,F,Belgium,12,40.79,0,34,Monthly,1,0
C0311,33,F,Belgium,5,16.59,0,59,Annual,1,0
C0312,49,F,Canada,5,22.09,0,85,Annual,1,0
C0313,45,M,Italy,10,9.71,1,49,Monthly,1,0
C0314,45,F,Canada,26,23.17,1,51,Annual,1,0
C0315,51,M,France,17,32.52,0,83,Annual,0,0
C0316,36,M,France,22,26.69,1,73,Monthly,0,1
C0317,44,F,France,6,33.69,0,73,Monthly,1,0
C0318,32,M,Italy,12,15.82,0,93,Monthly,0,1
C0319,39,F,Germany,1,41.38,0,88,Monthly,0,1
C0320,34,M,France,31,25.56,1,52,Monthly,1,0
C0321,37,F,Italy,83,28.1,1,27,Monthly,1,0
C0322,43,F,Canada,10,28.13,0,76,Annual,1,0
C0323,26,M,Germany,1,24.83,0,14,Monthly,1,0
C0324,61,M,France,4,20.78,2,59,Monthly,0,1
C0325,23,M,France,20,33.97,0,59,Annual,0,1
C0326,21,F,France,18,33.19,1,11,Monthly,1,0
C0327,49,M,France,28,34.56,1,61,Annual,0,1
C0328,45,F,Italy,6,30.6,0,11,Monthly,1,0
C0329,43,F,Italy,26,29.14,0,29,Monthly,1,0
C0330,43,F,Spain,21,11.19,2,74,Monthly,1,0
C0331,35,M,Germany,8,29.55,0,1,Annual,1,0
C0332,25,F,Canada,15,31.78,0,54,Monthly,0,1
C0333,36,F,France,3,41.06,1,14,Annual,1,0
C0334,27,M,Germany,11,40.5,0,63,Monthly,0,1
C0335,47,F,Canada,39,44.29,1,68,Monthly,0,1
C0336,34,F,France,10,34.78,0,14,Monthly,1,0
C0337,26,F,France,33,21.88,0,42,Annual,0,1
C0338,32,M,Canada,17,29.64,0,73,Annual,1,0
C0339,40,F,France,4,31.89,0,16,Monthly,1,0
C0340,29,F,Spain,16,17.49,2,23,Monthly,1,0
C0341,26,M,France,13,26.92,0,73,Monthly,1,0
C0342,38,M,Spain,10,23.35,0,29,Monthly,1,0
C0343,38,F,France,3,42.84,0,66,Monthly,0,1
C0344,29,M,France,10,12.02,0,50,Annual,1,0
C0345,30,M,Italy,2,33.88,1,70,Annual,0,1
C0346,38,M,France,2,22.51,0,2,Monthly,0,1
C0347,18,F,Germany,10,24.02,0,4,Monthly,1,0
C0348,19,M,France,7,35.5,0,27,Annual,1,0
C0349,27,M,France,47,32.27,0,77,Annual,1,0
C0350,33,F,France,9,40.04,0,10,Monthly,1,0
C0351,39,F,France,26,36.41,0,71,Monthly,1,0
C0352,53,F,Belgium,14,47.48,1,79,Monthly,0,1
C0353,46,F,France,22,34.47,0,75,Monthly,0,0
C0354,34,M,Germany,6,33.75,0,14,Monthly,1,0
C0355,35,F,France,52,32.74,1,82,Monthly,1,0
C0356,23,F,France,14,35.95,0,47,Annual,0,0
C0357,35,M,Belgium,33,24.76,1,45,Monthly,0,1
C0358,32,F,France,9,24.78,0,36,Monthly,1,0
C0359,39,M,Netherlands,2,31.53,0,6,Monthly,1,0
C0360,26,F,France,21,11.85,0,79,Annual,1,0
C0361,42,F,Spain,1,23.49,0,92,Annual,0,0
C0362,54,F,Italy,12,12.91,0,87,Monthly,1,0
C0363,34,F,Canada,4,32.42,0,5,Monthly,1,0
C0364,40,F,Italy,18,31.43,1,57,Annual,0,1
C0365,44,M,Italy,70,24.18,1,67,Monthly,1,0
C0366,31,M,France,12,43.42,0,62,Monthly,0,1
C0367,38,F,France,31,18.32,0,66,Monthly,1,0
C0368,36,M,Belgium,13,40.53,2,48,Monthly,0,1
C0369,37,M,France,13,35.4,0,50,Monthly,1,0
C0370,26,M,Germany,48,19.14,0,58,Annual,1,0
C0371,36,F,Spain,40,42.02,1,5,Annual,1,0
C0372,41,F,France,28,29.49,2,89,Monthly,1,0
C0373,53,F,Netherlands,7,24.28,0,50,Annual,1,0
C0374,47,M,Spain,15,13.74,1,37,Monthly,1,0
C0375,61,M,Italy,5,26.24,0,10,Monthly,0,0
C0376,26,F,Canada,11,30.98,1,51,Monthly,1,0
C0377,46,F,France,12,27.74,1,19,Annual,1,0
C0378,38,M,France,33,27.62,1,9,Monthly,0,1
C0379,62,M,Germany,41,40.07,1,25,Monthly,1,0
C0380,26,M,France,10,24.21,0,47,Annual,1,0
C0381,25,M,Spain,1,8.57,0,13,Annual,0,1
C0382,28,F,Belgium,36,26.82,0,58,Annual,0,1
C0383,18,M,Germany,4,16.06,0,21,Monthly,0,1
C0384,29,M,France,18,32.83,2,22,Monthly,1,0
C0385,26,F,Netherlands,1,26.17,0,92,Monthly,0,0
C0386,37,M,Germany,10,36.31,0,79,Monthly,0,1
C0387,40,M,Germany,77,40.96,0,38,Annual,1,0
C0388,58,F,Germany,2,27.41,1,8,Monthly,1,0
C0389,47,M,Belgium,10,39.49,1,87,Monthly,0,1
C0390,29,M,Italy,7,22.08,0,24,Annual,1,0
C0391,25,M,Spain,43,39.03,1,16,Monthly,1,0
C0392,41,F,Canada,37,29.08,0,56,Monthly,0,1
C0393,20,F,France,5,20.95,2,28,Annual,1,0
C0394,57,M,Germany,2,36.45,0,59,Annual,1,0
C0395,50,F,Canada,18,25.66,0,66,Annual,1,0
C0396,30,M,Germany,8,28.27,0,94,Monthly,0,0
C0397,18,M,Canada,21,28.18,1,56,Monthly,0,1
C0398,52,F,Belgium,1,27.58,0,71,Annual,0,1
C0399,34,F,Italy,3,38.74,1,27,Monthly,1,0
C0400,50,F,Spain,21,9.53,0,45,Monthly,0,1
C0401,18,F,Canada,5,28.97,3,15,Annual,1,0
C0402,28,M,Canada,36,37.0,1,17,Monthly,1,0
C0403,36,M,Germany,2,32.89,0,74,Annual,0,1
C0404,36,M,France,5,40.48,1,26,Monthly,0,1
C0405,30,M,Germany,118,34.41,2,45,Monthly,1,0
C0406,43,F,Spain,11,23.52,1,44,Monthly,1,0
C0407,23,M,Germany,22,35.76,1,3,Annual,1,0
C0408,34,M,Spain,4,25.79,1,83,Monthly,0,1
C0409,37,M,Germany,17,31.88,0,19,Monthly,1,0
C0410,42,M,Italy,24,28.92,0,10,Annual,1,0
C0411,44,F,France,7,22.3,2,64,Annual,0,1
C0412,22,M,Spain,32,18.1,1,17,Annual,1,0
C0413,18,F,Italy,17,23.78,0,50,Monthly,1,0
C0414,51,F,France,9,40.82,0,43,Monthly,1,0
C0415,39,F,France,15,5.0,0,34,Annual,1,0
C0416,27,M,Spain,16,25.35,2,46,Annual,0,1
C0417,54,M,Germany,4,35.27,0,30,Monthly,0,1
C0418,37,M,France,10,16.55,1,38,Monthly,0,1
C0419,50,M,Netherlands,8,32.83,0,44,Annual,1,0
C0420,36,M,Spain,10,28.81,0,78,Monthly,1,0
C0421,60,M,Netherlands,26,34.85,1,61,Annual,0,0
C0422,57,F,Germany,12,13.79,0,83,Monthly,1,0
C0423,33,F,Germany,51,45.93,0,7,Monthly,0,1
C0424,47,F,Canada,7,23.49,0,85,Annual,1,0
C0425,43,M,Germany,10,40.49,1,64,Monthly,1,0
C0426,52,M,Spain,28,30.93,0,18,Monthly,0,1
C0427,24,F,France,15,22.99,4,54,Monthly,0,1
C0428,44,F,Germany,15,40.28,0,87,Monthly,1,0
C0429,48,M,France,1,24.22,0,84,Annual,0,1
C0430,18,F,France,10,12.09,0,47,Annual,1,0
C0431,21,M,France,6,35.41,2,3,Annual,1,0
C0432,18,M,France,132,23.8,1,70,Monthly,1,0
C0433,32,F,Netherlands,7,27.16,1,59,Monthly,0,1
C0434,44,F,France,39,26.78,1,11,Monthly,1,0
C0435,54,M,Spain,21,24.46,0,58,Annual,1,0
C0436,36,M,Canada,8,28.39,1,76,Annual,1,0
C0437,55,M,Italy,15,29.15,0,62,Annual,1,0
C0438,19,M,France,34,19.28,0,43,Monthly,1,0
C0439,18,F,Spain,39,19.06,3,24,Monthly,0,0
C0440,35,F,Italy,4,27.07,0,5,Monthly,1,0
C0441,40,M,Spain,8,40.18,0,13,Monthly,1,0
C0442,35,M,Spain,8,24.09,0,57,Monthly,0,1
C0443,18,F,Netherlands,1,38.41,0,30,Annual,1,0
C0444,34,M,Italy,17,28.31,0,40,Monthly,1,0
C0445,20,M,France,35,26.13,1,46,Monthly,1,0
C0446,44,F,Italy,9,26.03,1,9,Monthly,0,1
C0447,40,F,France,25,25.79,0,80,Annual,0,1
C0448,24,M,Canada,18,36.83,0,29,Monthly,1,0
C0449,29,F,France,9,36.9,0,43,Annual,1,0
C0450,23,F,France,3,29.59,0,54,Annual,1,0
C0451,35,F,Canada,23,41.5,2,70,Monthly,0,1
C0452,47,M,Italy,35,18.25,0,32,Annual,1,0
C0453,24,M,Germany,21,31.68,1,82,Monthly,0,1
C0454,42,M,Germany,1,29.21,0,78,Monthly,0,1
C0455,29,F,Canada,5,31.06,0,85,Annual,0,1
C0456,26,M,France,2,24.42,1,38,Annual,1,0
C0457,34,M,Canada,16,37.84,3,41,Monthly,1,0
C0458,23,M,France,26,22.55,1,53,Monthly,1,0
C0459,29,M,Spain,3,25.34,2,29,Monthly,0,1
C0460,21,F,Canada,33,37.49,0,19,Monthly,1,0
C0461,59,M,France,15,13.48,0,41,Monthly,1,0
C0462,36,F,Germany,22,51.97,0,88,Monthly,1,0
C0463,27,M,France,64,27.73,0,98,Monthly,0,0
C0464,38,F,Spain,2,7.92,1,4,Annual,0,1
C0465,34,F,Italy,42,29.26,2,49,Monthly,0,1
C0466,33,F,Italy,3,28.27,0,40,Monthly,0,1
C0467,43,M,France,9,29.34,1,38,Monthly,1,0
C0468,45,F,France,35,34.14,3,61,Annual,0,1
C0469,29,M,France,43,35.98,3,56,Monthly,1,0
C0470,29,F,France,13,32.38,1,36,Monthly,1,0
C0471,32,F,Italy,17,31.6,1,6,Monthly,1,0
C0472,18,M,Canada,23,28.05,0,16,Annual,1,0
C0473,18,F,Spain,33,39.2,0,78,Monthly,1,0
C0474,52,F,Germany,3,20.85,0,50,Annual,1,0
C0475,55,M,Netherlands,30,31.61,0,7,Annual,1,0
C0476,33,F,Spain,12,22.97,1,55,Annual,1,0
C0477,42,F,Belgium,11,33.76,0,72,Annual,1,0
C0478,39,F,Germany,10,28.25,0,10,Monthly,0,1
C0479,72,M,France,13,16.05,1,21,Monthly,1,0
C0480,49,M,France,53,28.13,0,87,Annual,1,0
C0481,34,M,Spain,15,27.25,0,19,Monthly,1,0
C0482,24,M,France,56,41.92,1,59,Monthly,0,1
C0483,18,F,France,4,17.85,0,14,Annual,1,0
C0484,38,F,Italy,24,37.24,0,37,Monthly,0,0
C0485,26,M,Italy,31,46.94,1,0,Monthly,1,0
C0486,18,F,Italy,21,24.98,1,45,Monthly,1,0
C0487,28,F,France,17,19.67,0,87,Monthly,1,1
C0488,23,F,Germany,15,28.57,0,42,Annual,1,0
C0489,56,F,Italy,36,28.11,0,29,Monthly,1,0
C0490,46,M,Netherlands,32,38.51,0,2,Monthly,1,0
C0491,35,F,Spain,3,20.27,0,23,Monthly,1,0
C0492,53,F,Belgium,34,39.1,0,1,Annual,1,0
C0493,36,F,Spain,10,14.48,2,60,Annual,0,1
C0494,25,M,Italy,6,14.09,0,31,Monthly,0,1
C0495,54,F,France,37,34.97,2,37,Annual,1,0
C0496,42,F,Spain,11,6.8,1,45,Monthly,0,1
C0497,23,M,Italy,30,23.73,1,41,Annual,0,1
C0498,33,M,Italy,6,52.94,0,5,Monthly,1,0
C0499,25,F,Germany,1,31.41,0,40,Annual,1,0
C0500,19,F,Germany,13,26.03,0,24,Monthly,1,0
C0501,47,F,France,2,29.54,1,10,Monthly,0,1
C0502,58,F,Germany,26,34.59,1,40,Monthly,1,0
C0503,19,F,France,6,28.16,0,70,Annual,1,0
C0504,42,F,Canada,11,37.3,0,56,Monthly,1,0
C0505,28,F,France,2,19.52,1,45,Annual,1,0
C0506,30,F,France,7,43.5,0,85,Monthly,1,0
C0507,28,M,Germany,28,36.96,1,54,Monthly,1,1
C0508,25,M,Italy,3,33.81,1,62,Monthly,0,0
C0509,36,M,Germany,19,26.98,0,38,Annual,0,0
C0510,26,F,France,45,40.29,0,9,Monthly,1,0
C0511,39,F,Italy,21,23.35,0,84,Annual,0,1
C0512,35,M,France,30,29.0,0,80,Annual,1,0
C0513,33,F,Belgium,3,21.18,1,64,Annual,0,1
C0514,25,F,Belgium,6,23.02,1,58,Monthly,0,1
C0515,29,M,Germany,41,36.46,0,77,Annual,1,0
C0516,45,M,France,23,23.81,1,49,Annual,1,0
C0517,42,M,Spain,19,18.17,1,26,Monthly,1,0
C0518,24,F,France,20,22.37,2,72,Annual,0,1
C0519,37,F,Germany,10,40.59,0,54,Monthly,1,0
C0520,45,M,France,1,24.97,0,69,Monthly,0,1
C0521,18,F,Belgium,28,30.06,0,80,Monthly,1,0
C0522,42,M,France,21,30.12,2,52,Monthly,1,0
C0523,28,M,Italy,12,12.66,0,59,Monthly,1,0
C0524,42,M,Spain,42,13.23,1,60,Monthly,1,0
C0525,26,F,Germany,8,33.92,0,35,Annual,1,0
C0526,18,F,France,7,24.1,1,84,Monthly,0,1
C0527,18,M,Netherlands,38,42.45,0,44,Monthly,0,1
C0528,36,M,Germany,29,42.73,0,40,Monthly,1,0
C0529,39,M,Italy,14,33.75,1,27,Monthly,1,0
C0530,25,F,France,3,40.1,1,26,Annual,1,0
C0531,43,F,Germany,5,34.34,1,34,Monthly,1,0
C0532,18,M,Germany,20,36.17,1,39,Annual,0,1
C0533,35,M,France,9,25.32,0,55,Monthly,1,0
C0534,21,M,France,33,44.66,1,18,Annual,1,0
C0535,28,F,Canada,54,47.87,0,64,Monthly,1,0
C0536,36,M,France,30,30.1,2,93,Monthly,0,1
C0537,25,M,France,9,29.78,0,32,Annual,1,0
C0538,31,M,Germany,28,45.87,0,22,Monthly,1,0
C0539,48,F,Spain,8,21.44,1,62,Annual,0,1
C0540,29,F,France,4,22.27,1,69,Annual,1,0
C0541,46,M,Italy,1,34.99,1,21,Monthly,0,1
C0542,22,F,France,9,30.63,0,66,Monthly,0,1
C0543,42,F,France,43,31.46,1,79,Monthly,1,0
C0544,53,M,France,5,20.99,1,58,Annual,0,1
C0545,18,F,Canada,5,16.43,2,24,Annual,1,0
C0546,26,M,France,64,31.89,0,16,Monthly,1,0
C0547,42,F,France,1,37.24,0,38,Monthly,1,0
C0548,33,M,Germany,28,33.19,0,76,Monthly,1,0
C0549,40,M,Canada,7,39.14,0,74,Annual,1,0
C0550,28,F,France,1,24.37,0,73,Monthly,1,0
C0551,37,F,Germany,45,26.56,0,38,Monthly,0,1
C0552,34,F,France,3,26.52,0,23,Annual,0,1
C0553,50,F,Germany,15,34.34,0,37,Monthly,1,0
C0554,39,M,Italy,6,34.16,1,87,Monthly,1,0
C0555,40,M,Italy,2,19.62,0,90,Annual,0,1
C0556,31,F,France,1,36.85,1,56,Annual,0,1
C0557,30,F,France,3,45.74,1,43,Monthly,1,0
C0558,30,F,France,2,29.69,0,35,Monthly,1,0
C0559,40,M,Germany,26,45.0,2,77,Monthly,0,1
C0560,30,F,France,12,21.55,1,79,Monthly,1,0
C0561,39,M,Spain,8,30.24,0,60,Annual,1,0
C0562,60,M,Netherlands,10,42.38,0,25,Monthly,1,1
C0563,46,M,Netherlands,48,36.82,0,10,Annual,1,0
C0564,32,F,Canada,44,28.69,0,51,Annual,0,1
C0565,50,M,Italy,23,5.0,1,24,Monthly,1,0
C0566,31,F,Spain,39,19.87,0,30,Monthly,1,0
C0567,18,F,France,7,24.99,0,96,Monthly,0,0
C0568,23,M,Italy,9,18.16,4,44,Annual,0,1
C0569,18,M,Germany,18,32.38,2,66,Annual,1,0
C0570,31,F,Germany,18,31.65,0,75,Monthly,0,1
C0571,36,F,Spain,12,16.56,1,39,Annual,1,0
C0572,56,F,France,10,21.53,0,45,Monthly,0,1
C0573,39,F,France,78,21.85,2,53,Annual,1,0
C0574,33,F,Belgium,31,39.97,4,40,Monthly,0,1
C0575,45,F,France,11,24.71,0,88,Monthly,1,0
C0576,18,F,Germany,24,27.79,0,80,Annual,1,0
C0577,38,M,Belgium,6,27.35,0,47,Monthly,1,0
C0578,45,M,Italy,2,30.71,2,35,Monthly,1,0
C0579,18,M,Italy,8,31.65,0,82,Monthly,1,0
C0580,49,F,France,10,5.64,0,43,Monthly,1,0
C0581,40,M,France,1,38.17,0,56,Monthly,1,0
C0582,31,M,Canada,31,39.14,0,65,Annual,1,0
C0583,43,M,Italy,9,19.6,0,80,Monthly,1,0
C0584,63,M,Germany,16,27.22,0,29,Monthly,1,0
C0585,38,M,France,2,23.76,1,9,Annual,1,0
C0586,38,M,France,4,23.95,0,60,Monthly,1,0
C0587,30,F,Netherlands,40,35.79,1,62,Monthly,1,0
C0588,25,M,Germany,17,17.49,0,35,Annual,0,0
C0589,45,M,Italy,55,17.15,0,53,Annual,1,0
C0590,25,M,France,121,38.08,0,64,Annual,0,1
C0591,36,M,Spain,9,15.82,0,81,Annual,1,0
C0592,30,F,Belgium,7,40.95,0,3,Monthly,1,0
C0593,41,F,Italy,36,27.76,1,54,Annual,1,0
C0594,40,M,France,119,15.53,2,53,Monthly,0,1
C0595,48,M,Italy,18,29.77,1,88,Annual,0,1
C0596,29,M,Spain,29,24.06,0,63,Monthly,0,1
C0597,32,F,Germany,28,28.22,1,21,Annual,1,0
C0598,24,F,Canada,8,30.56,0,24,Annual,1,0
C0599,30,M,Italy,16,28.62,1,80,Annual,1,0
C0600,40,M,Canada,33,37.66,2,58,Monthly,1,0
C0601,45,M,Italy,21,37.43,1,68,Monthly,1,0
C0602,24,F,France,1,29.94,3,53,Annual,1,0
C0603,46,M,France,8,17.1,1,43,Annual,0,1
C0604,52,F,France,3,26.21,0,51,Monthly,0,1
C0605,40,M,Belgium,5,49.09,1,75,Annual,1,0
C0606,58,F,Spain,43,27.72,1,15,Annual,1,0
C0607,26,F,Spain,1,43.95,1,27,Monthly,0,1
C0608,21,M,France,5,37.05,0,80,Annual,1,0
C0609,18,M,France,7,31.93,0,54,Monthly,1,0
C0610,53,F,Spain,18,27.41,1,60,Monthly,1,0
C0611,43,M,Germany,14,34.71,1,78,Monthly,1,0
C0612,35,F,France,5,16.1,0,76,Monthly,0,1
C0613,39,F,Italy,4,25.33,0,39,Annual,1,0
C0614,22,F,France,5,39.69,0,20,Monthly,1,0
C0615,65,F,France,13,22.68,2,73,Annual,1,0
C0616,37,F,Germany,6,34.47,0,7,Annual,1,0
C0617,37,F,France,54,33.13,1,81,Annual,0,1
C0618,44,F,Netherlands,12,26.72,0,9,Monthly,1,0
C0619,41,M,France,2,23.75,0,56,Annual,1,0
C0620,38,F,France,24,21.86,0,13,Monthly,0,1
C0621,26,M,France,8,23.42,0,42,Monthly,1,0
C0622,41,F,Spain,20,14.7,0,62,Monthly,1,0
C0623,58,M,Germany,6,27.8,0,42,Monthly,1,0
C0624,52,F,Italy,16,35.42,0,66,Annual,1,0
C0625,55,F,France,27,22.68,0,81,Monthly,1,0
C0626,29,F,France,48,27.91,0,50,Annual,1,0
C0627,24,F,Germany,6,30.98,0,68,Monthly,1,0
C0628,34,F,Canada,8,41.43,0,42,Monthly,1,0
C0629,36,M,Canada,12,38.24,1,23,Annual,1,0
C0630,49,M,France,48,33.22,1,33,Annual,1,0
C0631,18,M,Italy,42,30.45,1,58,Monthly,1,0
C0632,54,M,Belgium,2,29.15,0,1,Monthly,0,1
C0633,34,F,Germany,3,25.47,1,1,Monthly,0,1
C0634,30,F,Canada,13,47.55,1,9,Monthly,1,0
C0635,23,F,France,3,21.53,3,22,Annual,0,1
C0636,18,F,Belgium,8,32.68,0,14,Annual,1,0
C0637,45,F,Spain,3,33.48,2,75,Monthly,1,0
C0638,36,M,Belgium,19,23.9,0,16,Annual,1,0
C0639,20,F,Spain,54,33.3,1,81,Monthly,1,0
C0640,20,F,Germany,104,41.11,1,13,Monthly,1,0
C0641,31,M,Belgium,9,44.82,0,80,Monthly,1,0
C0642,56,M,France,17,23.62,1,78,Annual,1,0
C0643,32,F,France,35,19.71,1,75,Monthly,1,0
C0644,18,M,Spain,3,20.96,0,15,Monthly,1,0
C0645,33,M,Spain,22,26.67,0,31,Monthly,1,0
C0646,32,F,Belgium,10,31.47,0,30,Monthly,1,0
C0647,18,F,France,5,24.17,0,33,Annual,1,0
C0648,35,F,Canada,10,16.73,2,15,Monthly,1,0
C0649,33,M,Spain,2,28.76,0,33,Monthly,1,0
C0650,44,M,France,22,41.2,0,78,Annual,0,1
C0651,58,F,Germany,6,34.84,1,32,Annual,0,1
C0652,49,F,France,7,31.39,0,67,Annual,1,0
C0653,32,M,France,3,34.58,0,42,Monthly,0,1
C0654,22,F,Netherlands,36,37.18,1,63,Monthly,0,1
C0655,66,F,Italy,13,35.45,0,70,Monthly,0,1
C0656,36,M,Spain,16,28.16,2,17,Monthly,1,0
C0657,36,M,Netherlands,16,28.35,0,67,Annual,1,0
C0658,35,M,Germany,10,28.63,2,60,Monthly,1,0
C0659,38,M,Canada,4,30.01,1,91,Monthly,0,1
C0660,34,M,Germany,25,37.51,0,19,Monthly,1,0
C0661,29,F,Canada,3,29.47,0,10,Monthly,1,0
C0662,29,M,France,2,29.26,1,78,Annual,0,1
C0663,35,F,Belgium,23,34.51,1,45,Monthly,1,0
C0664,29,M,France,5,36.67,1,63,Monthly,1,0
C0665,27,F,France,7,40.26,1,80,Monthly,0,1
C0666,37,M,Spain,12,25.62,0,75,Monthly,0,1
C0667,32,F,Germany,11,24.54,0,35,Monthly,0,1
C0668,54,F,Italy,23,22.72,0,47,Annual,1,0
C0669,18,F,Germany,18,35.35,0,34,Monthly,0,1
C0670,49,F,Spain,19,9.28,0,13,Annual,1,0
C0671,50,M,France,23,37.0,0,21,Annual,1,0
C0672,18,M,France,7,28.03,1,23,Annual,1,0
C0673,31,F,France,8,29.75,1,65,Annual,1,0
C0674,31,F,Germany,11,45.92,1,85,Monthly,0,1
C0675,19,F,France,7,24.96,1,63,Monthly,0,1
C0676,26,F,Germany,76,39.59,1,74,Monthly,0,1
C0677,22,F,Germany,31,30.71,1,13,Annual,1,0
C0678,57,M,France,4,25.67,0,31,Annual,1,0
C0679,47,F,Italy,1,19.64,0,17,Annual,1,0
C0680,51,F,Canada,1,45.32,0,4,Monthly,1,0
C0681,44,F,France,6,24.3,0,64,Annual,1,0
C0682,22,F,Italy,3,33.6,1,53,Monthly,1,1
C0683,29,F,Spain,14,10.0,0,18,Monthly,0,1
C0684,41,M,Germany,36,44.44,0,65,Monthly,1,0
C0685,21,F,Spain,25,33.42,1,75,Monthly,1,0
C0686,44,F,Germany,5,35.78,0,9,Monthly,1,0
C0687,33,F,Germany,10,33.18,1,15,Monthly,0,1
C0688,31,F,France,13,33.2,0,45,Monthly,1,0
C0689,44,F,Spain,30,38.98,1,28,Annual,0,0
C0690,41,M,Spain,33,9.8,1,14,Annual,1,0
C0691,31,M,France,44,32.63,0,47,Annual,1,0
C0692,49,M,Germany,13,27.71,0,16,Monthly,1,0
C0693,23,F,Netherlands,22,30.46,2,33,Annual,0,1
C0694,43,F,Germany,3,29.72,0,35,Annual,1,0
C0695,43,M,Germany,15,31.57,2,29,Monthly,1,0
C0696,32,M,Belgium,6,30.92,0,72,Monthly,0,1
C0697,39,M,Spain,11,15.93,1,87,Monthly,1,0
C0698,20,F,Italy,19,36.23,0,18,Monthly,1,0
C0699,47,F,Canada,6,15.88,0,67,Annual,1,0
C0700,33,F,Canada,1,32.69,1,69,Annual,0,1
C0701,29,M,Germany,1,32.39,0,32,Monthly,1,0
C0702,48,M,Germany,1,23.07,0,88,Annual,0,1
C0703,27,M,Germany,1,32.96,0,81,Annual,1,0
C0704,19,F,Netherlands,3,19.39,1,21,Annual,1,0
C0705,18,M,Spain,5,25.32,0,35,Monthly,1,0
C0706,43,F,France,5,16.76,1,22,Annual,1,1
C0707,20,F,Canada,78,35.69,4,62,Monthly,1,0
C0708,57,F,Germany,7,27.61,0,25,Monthly,1,0
C0709,18,M,France,3,26.39,0,59,Monthly,1,0
C0710,56,F,Italy,15,30.35,0,4,Monthly,1,0
C0711,38,F,Germany,36,25.94,0,53,Annual,1,0
C0712,34,M,Canada,21,31.54,0,43,Monthly,1,0
C0713,29,F,France,7,17.89,1,61,Monthly,0,1
C0714,40,F,Canada,15,37.05,0,24,Monthly,1,0
C0715,35,F,Italy,23,37.91,0,16,Annual,1,0
C0716,49,F,France,24,52.34,0,21,Monthly,1,0
C0717,37,M,Netherlands,20,31.26,1,8,Annual,1,0
C0718,37,F,Germany,37,41.31,1,83,Monthly,1,0
C0719,31,F,France,37,15.75,0,28,Monthly,0,1
C0720,35,M,Germany,16,47.02,0,43,Monthly,1,0
C0721,39,M,Canada,11,38.21,1,26,Monthly,1,0
C0722,18,M,France,19,26.13,0,54,Monthly,0,1
C0723,19,F,France,31,39.9,0,86,Monthly,0,1
C0724,44,F,France,1,25.17,1,4,Annual,1,0
C0725,38,M,France,87,23.7,1,51,Annual,1,0
C0726,33,M,Canada,4,35.8,2,12,Monthly,1,0
C0727,36,M,Germany,12,26.49,1,49,Monthly,1,0
C0728,40,M,France,38,34.36,0,14,Annual,1,0
C0729,29,M,France,5,21.55,2,78,Monthly,1,0
C0730,26,F,France,12,21.6,0,17,Monthly,1,0
C0731,38,F,Belgium,3,21.35,1,49,Annual,0,1
C0732,24,M,France,10,32.47,1,8,Annual,1,0
C0733,40,F,Netherlands,4,29.07,0,86,Monthly,0,1
C0734,18,F,Germany,9,24.22,0,12,Monthly,0,1
C0735,48,M,France,9,25.15,0,67,Monthly,1,0
C0736,41,M,Canada,90,28.57,0,46,Annual,1,0
C0737,39,F,Germany,95,25.55,3,88,Monthly,1,0
C0738,47,F,Spain,3,15.79,0,74,Monthly,0,1
C0739,55,F,Netherlands,24,50.89,0,49,Monthly,1,0
C0740,48,M,France,1,23.12,0,11,Monthly,0,0
C0741,18,M,France,1,24.67,0,12,Annual,1,0
C0742,20,F,Spain,3,19.86,0,8,Annual,1,0
C0743,28,F,France,61,23.97,0,58,Annual,0,1
C0744,36,M,France,51,34.97,0,44,Monthly,1,0
C0745,42,F,France,4,37.59,0,78,Monthly,1,0
C0746,27,M,France,4,27.55,1,42,Monthly,0,0
C0747,38,M,Spain,5,15.11,4,73,Monthly,0,1
C0748,26,F,France,14,36.18,0,22,Annual,1,0
C0749,28,M,Germany,16,34.24,0,78,Monthly,0,1
C0750,19,F,Italy,5,41.84,2,59,Monthly,1,0
C0751,24,F,Germany,26,17.04,0,22,Monthly,0,1
C0752,19,M,France,7,28.41,1,33,Annual,1,0
C0753,24,F,Canada,46,47.35,0,15,Monthly,1,0
C0754,48,M,France,20,27.17,1,62,Monthly,0,1
C0755,24,M,Spain,11,23.2,1,50,Monthly,1,0
C0756,67,F,Canada,29,30.93,1,31,Annual,1,0
C0757,41,F,Germany,31,30.53,3,37,Monthly,1,0
C0758,38,F,Italy,7,22.95,1,55,Annual,1,0
C0759,25,F,Germany,8,29.07,0,68,Annual,1,0
C0760,44,F,Germany,50,29.98,1,16,Monthly,1,0
C0761,29,F,Canada,4,37.65,0,85,Annual,1,0
C0762,37,F,Canada,1,35.69,1,51,Monthly,1,0
C0763,66,M,France,11,28.8,0,40,Annual,0,1
C0764,34,M,Italy,30,34.47,1,57,Monthly,0,0
C0765,49,M,Belgium,27,28.89,1,81,Monthly,0,1
C0766,27,F,Netherlands,46,27.81,1,27,Monthly,1,0
C0767,35,F,Germany,14,30.18,0,84,Monthly,0,1
C0768,57,M,Germany,2,31.51,0,49,Annual,1,0
C0769,28,F,France,16,21.53,0,0,Monthly,1,0
C0770,57,F,Netherlands,28,27.0,0,57,Annual,0,1
C0771,44,M,France,2,25.87,0,18,Monthly,1,0
C0772,29,M,Italy,4,40.5,0,58,Annual,1,0
C0773,43,M,France,1,7.81,1,67,Monthly,1,0
C0774,47,F,France,17,28.56,2,66,Monthly,1,0
C0775,43,M,Germany,40,48.81,1,40,Monthly,0,1
C0776,18,M,Netherlands,20,31.48,1,15,Annual,1,0
C0777,27,M,France,73,36.03,2,27,Monthly,1,0
C0778,33,M,Italy,2,28.8,1,33,Monthly,1,0
C0779,35,M,France,42,24.66,0,38,Monthly,1,0
C0780,43,F,France,31,10.86,0,82,Annual,1,0
C0781,38,F,Germany,7,36.64,1,55,Monthly,1,0
C0782,19,M,Germany,66,28.8,1,51,Monthly,1,0
C0783,40,M,France,7,23.6,0,2,Monthly,0,1
C0784,43,M,France,40,23.41,1,32,Annual,1,0
C0785,42,F,France,39,39.56,1,26,Annual,1,0
C0786,48,F,France,26,49.24,0,70,Monthly,1,0
C0787,46,M,Netherlands,15,35.74,0,25,Monthly,0,1
C0788,41,M,Belgium,3,27.28,1,35,Monthly,1,0
C0789,35,M,France,14,20.58,0,45,Monthly,1,0
C0790,18,M,Italy,8,31.75,0,69,Monthly,0,1
C0791,41,M,Belgium,29,40.74,0,41,Annual,1,0
C0792,38,M,France,26,28.02,0,8,Monthly,1,0
C0793,39,M,Canada,44,11.67,0,45,Annual,1,0
C0794,20,M,Belgium,1,36.36,0,80,Monthly,0,1
C0795,23,M,France,30,34.09,0,64,Annual,1,0
C0796,48,F,France,51,17.31,2,75,Monthly,0,1
C0797,35,F,Netherlands,29,35.41,0,67,Monthly,1,0
C0798,44,M,Italy,3,31.61,1,51,Monthly,1,0
C0799,36,F,France,2,29.42,0,47,Monthly,1,0
C0800,36,F,France,1,23.67,0,60,Monthly,1,0
C0801,47,F,Germany,18,38.81,1,23,Annual,1,0
C0802,29,F,Spain,18,19.6,2,73,Annual,0,0
C0803,37,F,Spain,79,13.12,1,66,Monthly,1,0
C0804,30,F,Netherlands,10,17.6,0,63,Monthly,1,0
C0805,30,M,France,8,40.09,0,29,Monthly,1,0
C0806,32,F,Italy,18,32.93,0,28,Monthly,1,0
C0807,38,F,Italy,32,28.7,0,9,Monthly,1,0
C0808,30,F,Germany,50,28.33,0,38,Annual,1,0
C0809,51,M,France,30,23.19,0,54,Annual,0,1
C0810,25,F,Netherlands,11,22.85,1,27,Annual,0,1
C0811,33,M,Canada,19,28.55,1,17,Monthly,1,0
C0812,30,M,Germany,35,16.24,0,40,Annual,1,0
C0813,53,M,Italy,13,19.9,0,80,Annual,0,1
C0814,38,F,France,5,27.51,0,74,Monthly,1,0
C0815,48,M,Italy,4,32.88,0,64,Monthly,0,1
C0816,18,F,Spain,1,22.21,2,80,Annual,0,1
C0817,39,M,Germany,23,41.36,0,45,Monthly,0,0
C0818,46,M,Netherlands,3,44.79,0,59,Monthly,0,0
C0819,36,F,Italy,6,36.47,0,8,Monthly,1,0
C0820,48,F,Germany,7,38.76,0,44,Monthly,0,1
C0821,29,F,Spain,15,25.09,0,71,Monthly,0,1
C0822,52,M,France,10,19.94,0,27,Annual,1,0
C0823,63,F,Germany,21,36.83,0,2,Annual,1,0
C0824,31,M,France,2,39.09,0,50,Annual,1,0
C0825,30,F,Germany,3,37.74,0,7,Monthly,0,1
C0826,53,M,Canada,13,42.6,0,69,Annual,1,0
C0827,54,M,Germany,8,22.8,1,58,Monthly,1,0
C0828,29,M,Canada,7,22.77,3,60,Monthly,1,0
C0829,30,M,Italy,2,34.84,1,68,Monthly,0,1
C0830,32,F,France,41,32.11,0,69,Monthly,1,0
C0831,19,F,Canada,22,42.51,0,11,Monthly,1,0
C0832,24,M,France,3,29.88,3,8,Monthly,0,1
C0833,23,F,France,2,23.06,1,48,Monthly,1,0
C0834,26,F,Germany,67,33.29,3,82,Monthly,0,1
C0835,35,F,France,21,15.96,2,25,Annual,1,0
C0836,38,F,France,10,20.97,0,53,Monthly,1,0
C0837,54,F,Italy,22,32.2,2,43,Annual,1,0
C0838,24,M,Germany,26,41.98,0,31,Monthly,1,0
C0839,47,F,Germany,28,37.9,3,45,Monthly,0,1
C0840,33,M,Netherlands,12,18.21,0,94,Annual,0,1
C0841,35,F,Italy,11,25.13,0,48,Monthly,0,1
C0842,44,M,Canada,1,22.2,0,53,Monthly,1,0
C0843,22,F,France,48,35.47,1,15,Annual,1,0
C0844,40,M,Italy,17,23.33,1,84,Monthly,0,1
C0845,37,M,Canada,5,20.98,0,11,Annual,1,0
C0846,41,F,Italy,46,28.24,1,96,Monthly,0,1
C0847,39,M,Spain,45,19.88,1,7,Monthly,1,0
C0848,65,M,Germany,82,46.87,0,20,Monthly,1,0
C0849,28,M,France,38,24.12,0,47,Monthly,1,0
C0850,29,M,Germany,111,21.43,0,7,Annual,1,0
C0851,28,F,Germany,6,16.0,1,27,Annual,1,0
C0852,29,M,Canada,34,31.75,0,79,Monthly,1,0
C0853,28,F,France,32,25.5,0,9,Monthly,1,0
C0854,50,F,Netherlands,5,20.31,0,51,Annual,1,0
C0855,53,M,Netherlands,2,43.51,1,14,Monthly,1,0
C0856,29,F,France,70,35.34,2,3,Monthly,1,0
C0857,26,M,France,7,29.77,0,89,Monthly,0,1
C0858,41,M,Canada,37,42.91,1,85,Monthly,1,0
C0859,29,M,Netherlands,1,35.37,1,61,Annual,1,0
C0860,43,M,Germany,1,25.58,1,3,Annual,0,1
C0861,38,F,France,12,21.69,1,40,Monthly,1,0
C0862,18,F,Germany,5,41.54,1,72,Monthly,1,0
C0863,54,F,Spain,22,28.17,0,54,Monthly,1,0
C0864,57,F,France,16,31.36,1,27,Monthly,1,0
C0865,28,F,Spain,2,18.23,0,46,Monthly,0,1
C0866,31,F,France,4,31.38,0,8,Annual,0,1
C0867,39,M,France,9,23.96,0,1,Monthly,1,0
C0868,40,M,Germany,4,34.18,2,66,Monthly,1,0
C0869,43,F,Germany,29,46.58,2,56,Monthly,1,0
C0870,60,M,France,10,24.71,1,68,Monthly,0,1
C0871,33,F,Germany,2,22.42,0,73,Monthly,1,0
C0872,26,F,France,12,19.42,0,42,Annual,1,0
C0873,19,M,France,2,37.95,0,78,Monthly,1,0
C0874,27,M,France,3,28.83,0,21,Annual,1,0
C0875,35,M,Netherlands,5,32.97,0,45,Monthly,1,0
C0876,57,F,Germany,36,30.93,1,97,Monthly,1,0
C0877,29,M,Germany,47,38.88,0,12,Monthly,1,0
C0878,38,M,Italy,32,21.21,1,15,Monthly,1,0
C0879,35,M,Netherlands,8,36.45,0,39,Monthly,1,0
C0880,50,M,France,6,24.15,2,71,Monthly,0,1
C0881,66,M,Spain,15,16.04,0,80,Annual,1,0
C0882,29,M,Spain,24,17.91,1,29,Annual,1,0
C0883,30,M,Italy,91,25.0,1,80,Monthly,1,0
C0884,48,M,France,3,29.61,0,64,Monthly,1,0
C0885,44,M,Spain,1,26.88,1,61,Monthly,0,1
C0886,58,F,France,22,5.0,2,97,Monthly,0,1
C0887,43,M,Italy,33,21.54,0,47,Monthly,1,0
C0888,31,F,Spain,34,19.68,1,48,Annual,1,0
C0889,43,F,France,21,42.04,0,94,Monthly,0,0
C0890,49,M,Canada,56,23.36,2,5,Monthly,1,0
C0891,45,M,France,13,31.3,2,88,Monthly,0,1
C0892,42,M,Canada,45,43.96,1,13,Monthly,1,0
C0893,48,F,Germany,62,22.05,3,16,Annual,0,1
C0894,50,M,France,34,33.15,0,30,Monthly,1,0
C0895,52,F,France,7,23.58,0,12,Monthly,1,0
C0896,43,M,Netherlands,4,26.97,0,69,Annual,1,0
C0897,33,M,France,15,23.58,0,88,Monthly,1,0
C0898,37,M,France,11,21.73,0,36,Annual,1,0
C0899,50,M,France,38,51.78,0,63,Monthly,1,0
C0900,26,M,Italy,2,34.76,0,29,Monthly,0,1
C0901,40,M,Italy,6,33.13,0,33,Annual,1,0
C0902,31,F,France,26,33.94,1,17,Monthly,0,1
C0903,36,F,France,2,17.15,0,87,Monthly,1,0
C0904,51,M,France,7,33.16,2,62,Monthly,0,1
C0905,38,M,France,9,38.58,0,48,Monthly,1,0
C0906,36,F,Germany,18,25.36,1,55,Annual,1,0
C0907,19,M,Spain,4,29.45,1,57,Annual,0,0
C0908,44,F,France,36,32.07,0,26,Annual,0,0
C0909,43,F,Germany,11,44.83,0,54,Annual,1,0
C0910,61,M,Germany,45,31.66,2,96,Monthly,0,0
C0911,32,M,Netherlands,12,25.22,0,26,Monthly,1,0
C0912,38,M,Netherlands,6,31.11,0,28,Monthly,1,0
C0913,38,F,Canada,3,43.48,0,46,Monthly,0,1
C0914,54,F,France,1,15.37,1,89,Monthly,1,0
C0915,34,M,France,14,12.11,2,65,Annual,0,1
C0916,39,M,France,3,30.72,1,50,Monthly,0,1
C0917,43,F,France,9,26.46,0,83,Monthly,1,0
C0918,38,M,Germany,17,35.06,0,42,Monthly,1,0
C0919,30,F,Spain,6,29.31,0,56,Annual,1,0
C0920,38,M,Canada,4,24.82,0,70,Annual,1,0
C0921,48,M,Canada,27,15.31,0,21,Annual,1,0
C0922,23,F,Germany,53,51.36,2,15,Monthly,0,1
C0923,37,F,Spain,2,15.32,2,46,Annual,0,1
C0924,27,M,France,4,21.53,0,73,Monthly,0,1
C0925,50,M,France,58,34.95,0,11,Annual,1,0
C0926,18,M,Spain,1,21.92,0,42,Monthly,0,0
C0927,29,M,France,69,29.49,1,83,Monthly,1,0
C0928,40,M,Germany,1,38.86,0,28,Monthly,1,1
C0929,54,M,France,38,34.8,2,48,Annual,1,0
C0930,35,M,Spain,7,22.33,0,2,Monthly,1,0
C0931,29,F,Spain,51,33.44,1,68,Annual,1,0
C0932,58,F,France,7,12.91,0,59,Monthly,0,1
C0933,18,F,Canada,20,38.08,0,82,Monthly,0,1
C0934,18,M,France,2,23.28,1,86,Monthly,1,0
C0935,41,F,Germany,5,45.98,0,89,Monthly,1,0
C0936,29,M,Spain,27,26.14,1,25,Monthly,1,0
C0937,23,M,Spain,14,19.62,0,70,Monthly,0,0
C0938,44,M,Netherlands,48,35.37,1,73,Annual,1,0
C0939,38,F,France,11,37.15,0,79,Monthly,0,1
C0940,29,F,Spain,37,27.12,1,46,Annual,1,0
C0941,20,F,Italy,11,19.76,1,75,Monthly,0,1
C0942,46,F,Belgium,70,24.42,0,51,Annual,0,0
C0943,43,F,France,58,29.97,2,45,Monthly,0,1
C0944,34,M,Spain,8,24.67,0,21,Monthly,1,0
C0945,58,M,Italy,40,34.0,1,27,Monthly,1,0
C0946,23,M,France,34,13.88,1,83,Monthly,1,0
C0947,18,M,Germany,5,33.91,1,19,Annual,1,0
C0948,27,F,France,18,27.68,0,18,Monthly,1,0
C0949,35,M,Italy,2,21.29,1,48,Monthly,1,0
C0950,38,M,Canada,33,23.45,0,100,Annual,0,1
C0951,33,F,Italy,4,26.28,3,37,Monthly,1,0
C0952,40,M,Italy,2,5.0,0,52,Annual,1,0
C0953,20,F,Germany,10,29.39,1,27,Monthly,1,0
C0954,53,M,France,16,20.69,1,76,Annual,0,1
C0955,35,M,France,35,34.26,0,28,Monthly,1,0
C0956,49,F,Germany,66,28.56,2,71,Monthly,1,0
C0957,40,M,France,11,28.28,0,10,Monthly,1,0
C0958,41,M,France,2,38.1,0,46,Annual,1,0
C0959,42,M,Germany,25,42.95,0,44,Monthly,1,0
C0960,41,F,France,15,37.22,0,17,Monthly,0,1
C0961,43,M,France,11,23.4,0,49,Annual,1,0
C0962,51,F,Germany,7,35.41,1,88,Annual,0,1
C0963,38,F,France,13,25.32,1,48,Annual,1,0
C0964,44,F,Belgium,8,26.49,0,21,Annual,0,1
C0965,34,M,Canada,26,35.28,0,44,Monthly,1,0
C0966,53,M,Spain,15,20.22,3,60,Monthly,0,1
C0967,27,M,France,38,37.75,1,20,Annual,1,0
C0968,57,M,Spain,15,21.35,2,70,Annual,0,1
C0969,35,F,Canada,5,36.95,1,71,Monthly,0,1
C0970,18,F,Spain,35,36.64,0,75,Monthly,1,0
C0971,37,F,France,15,34.43,0,35,Annual,1,0
C0972,27,F,Italy,5,16.73,0,23,Monthly,1,0
C0973,46,F,Canada,18,35.56,2,31,Monthly,1,0
C0974,28,F,Italy,8,34.81,1,64,Monthly,0,1
C0975,30,F,Italy,34,35.13,1,89,Monthly,1,0
C0976,18,F,Germany,11,23.48,1,89,Annual,0,1
C0977,30,F,Germany,24,29.74,1,92,Monthly,0,0
C0978,18,F,France,2,34.16,1,4,Annual,1,0
C0979,18,M,Italy,10,21.91,0,24,Monthly,1,0
C0980,45,M,France,74,27.6,3,10,Monthly,1,0
C0981,45,M,Germany,30,42.85,0,34,Annual,1,0
C0982,41,F,France,4,29.62,1,83,Monthly,1,0
C0983,24,F,Italy,6,22.19,0,49,Monthly,1,0
C0984,35,M,France,8,22.98,0,86,Monthly,1,0
C0985,35,F,Spain,19,27.66,0,95,Monthly,0,0
C0986,22,F,Canada,26,21.33,1,9,Monthly,1,0
C0987,54,F,France,25,25.22,2,81,Annual,1,0
C0988,46,F,France,13,29.4,1,17,Annual,1,0
C0989,33,F,France,30,36.35,0,25,Annual,1,0
C0990,36,F,Canada,11,37.34,0,2,Monthly,1,0
C0991,38,M,Germany,3,29.29,0,58,Monthly,1,0
C0992,18,F,Germany,15,44.43,1,87,Monthly,0,1
C0993,33,F,France,55,27.6,2,2,Monthly,0,1
C0994,27,M,Italy,29,18.11,1,37,Monthly,1,0
C0995,23,F,Canada,16,30.62,0,1,Monthly,0,1
C0996,32,F,Canada,19,39.15,1,16,Annual,1,0
C0997,57,M,Italy,49,29.32,2,72,Monthly,0,1
C0998,43,F,France,11,30.1,0,44,Monthly,1,0
C0999,29,F,France,8,38.79,0,85,Annual,0,1
C1000,42,F,France,69,18.55,1,87,Monthly,1,0
C1001,52,F,France,36,17.74,2,79,Annual,1,0
C1002,47,M,France,8,15.37,0,1,Annual,1,0
C1003,36,M,France,12,29.68,3,84,Annual,1,0
C1004,28,F,Germany,10,36.33,0,33,Monthly,1,0
C1005,44,M,Belgium,3,39.01,0,26,Annual,0,0
C1006,40,F,Italy,57,29.95,1,36,Monthly,1,0
C1007,46,F,Canada,10,25.89,0,80,Annual,0,1
C1008,43,M,Spain,38,25.01,1,21,Monthly,1,0
C1009,48,F,France,4,30.94,0,75,Monthly,0,1
C1010,29,F,Spain,15,11.63,1,13,Monthly,1,0
C1011,51,F,France,1,51.68,1,22,Monthly,1,0
C1012,38,F,Italy,27,28.94,0,43,Annual,1,0
C1013,60,F,France,16,28.51,0,88,Annual,1,0
C1014,27,M,Netherlands,18,35.03,1,64,Annual,0,1
C1015,56,F,France,1,35.68,1,87,Monthly,0,1
C1016,38,F,France,5,25.99,0,89,Annual,0,1
C1017,28,F,Belgium,2,25.95,1,60,Monthly,0,1
C1018,30,M,France,7,31.32,1,84,Annual,1,0
C1019,32,M,Spain,18,25.28,0,54,Annual,1,0
C1020,41,M,Spain,16,18.52,2,70,Monthly,1,0
C1021,42,M,Canada,18,39.02,1,84,Annual,1,0
C1022,29,M,Netherlands,15,36.35,1,49,Monthly,1,0
C1023,35,F,Netherlands,6,39.84,0,11,Monthly,1,0
C1024,61,M,France,6,41.14,0,78,Monthly,1,0
C1025,56,M,Canada,3,32.18,0,14,Monthly,1,0
C1026,41,M,Italy,35,27.48,0,16,Annual,1,0
C1027,36,M,Italy,18,34.48,0,33,Monthly,0,1
C1028,37,F,France,4,24.2,0,34,Monthly,1,0
C1029,43,F,Italy,4,28.43,1,38,Monthly,1,0
C1030,23,F,Netherlands,38,31.5,1,77,Annual,1,0
C1031,32,M,Belgium,25,21.02,1,54,Annual,1,0
C1032,18,F,Germany,20,48.19,0,58,Annual,1,0
C1033,40,F,France,10,16.87,0,4,Annual,1,0
C1034,43,M,Germany,6,24.62,0,29,Monthly,0,1
C1035,30,F,Canada,70,42.51,0,3,Monthly,1,0
C1036,54,M,Spain,29,30.71,0,14,Monthly,1,0
C1037,21,F,Germany,7,26.79,0,34,Monthly,1,0
C1038,18,F,France,34,31.37,1,73,Annual,1,0
C1039,38,F,Germany,26,46.74,1,54,Monthly,1,0
C1040,48,M,Germany,7,31.28,2,65,Annual,0,1
C1041,56,F,Belgium,11,51.79,0,59,Monthly,0,1
C1042,30,F,Italy,4,14.21,0,23,Monthly,0,1
C1043,48,M,France,3,35.55,0,30,Monthly,0,1
C1044,35,F,Germany,24,39.9,0,43,Annual,0,1
C1045,33,M,France,6,33.42,0,31,Annual,0,1
C1046,46,M,Netherlands,31,29.13,2,82,Annual,0,1
C1047,43,F,Germany,98,32.68,4,50,Monthly,1,0
C1048,18,M,Germany,2,34.7,0,84,Annual,1,0
C1049,53,F,Germany,12,41.53,1,2,Monthly,1,0
C1050,52,M,Spain,30,29.82,0,77,Monthly,1,0
C1051,28,F,Spain,29,29.99,0,38,Annual,1,0
C1052,40,M,Spain,26,16.85,2,1,Monthly,1,0
C1053,41,F,France,8,25.36,1,93,Annual,0,0
C1054,39,M,France,11,22.48,1,58,Monthly,1,0
C1055,29,F,France,17,26.91,0,72,Monthly,1,0
C1056,27,F,Italy,66,32.51,1,76,Annual,1,0
C1057,35,F,France,8,30.86,0,22,Monthly,1,0
C1058,50,F,Italy,47,43.97,0,50,Annual,1,0
C1059,42,M,Canada,6,33.55,1,10,Monthly,1,0
C1060,31,F,Canada,82,29.23,0,77,Annual,1,0
C1061,45,M,Germany,20,35.85,0,88,Monthly,1,0
C1062,18,M,Germany,12,29.9,0,19,Monthly,1,0
C1063,49,M,France,18,29.54,0,83,Monthly,0,1
C1064,18,F,Spain,6,34.02,1,79,Monthly,1,0
C1065,31,F,Canada,6,29.62,0,57,Annual,1,0
C1066,22,M,France,3,23.65,1,46,Monthly,1,0
C1067,20,F,Germany,3,27.6,0,79,Monthly,1,0
C1068,49,F,Canada,8,28.4,1,77,Monthly,0,1
C1069,30,M,Canada,26,32.59,0,52,Monthly,1,0
C1070,40,M,France,17,35.59,1,27,Annual,1,0
C1071,35,M,Italy,2,15.55,0,17,Annual,1,0
C1072,41,F,France,35,27.44,1,25,Monthly,0,1
C1073,36,M,France,17,28.04,0,6,Annual,1,0
C1074,20,F,Belgium,59,16.33,2,44,Monthly,0,1
C1075,47,F,Canada,20,25.33,0,44,Monthly,0,1
C1076,30,M,Spain,4,17.6,1,70,Annual,1,0
C1077,18,F,France,12,23.63,0,34,Monthly,1,0
C1078,30,F,Canada,19,30.18,0,51,Annual,1,0
C1079,54,F,Germany,1,30.34,0,20,Annual,1,0
C1080,46,M,France,1,25.56,3,35,Monthly,0,1
C1081,31,M,Italy,3,28.28,0,43,Annual,1,0
C1082,31,M,France,6,39.41,0,79,Annual,0,1
C1083,32,M,Spain,11,38.11,1,55,Monthly,0,1
C1084,60,F,Italy,13,11.36,0,9,Annual,0,1
C1085,40,F,France,3,34.62,0,28,Monthly,1,0
C1086,41,F,France,21,25.72,1,47,Annual,1,0
C1087,48,F,France,17,28.12,0,51,Annual,1,0
C1088,38,F,France,7,26.81,1,14,Monthly,1,0
C1089,32,M,Italy,1,28.94,0,54,Monthly,1,0
C1090,33,F,Canada,2,29.89,1,42,Annual,1,1
C1091,35,F,France,9,25.37,0,49,Monthly,1,0
C1092,35,F,France,4,22.83,0,5,Monthly,1,0
C1093,44,F,Italy,9,24.41,2,32,Monthly,1,0
C1094,36,M,Canada,18,33.87,1,61,Monthly,1,0
C1095,44,F,France,15,34.79,0,54,Monthly,1,0
C1096,35,F,France,5,36.83,0,38,Monthly,1,0
C1097,36,M,Italy,8,24.05,0,17,Monthly,1,0
C1098,18,F,France,18,29.04,1,39,Annual,1,0
C1099,46,F,France,36,37.7,1,73,Monthly,1,0
C1100,40,F,Spain,26,34.32,0,52,Monthly,1,0
C1101,47,M,Italy,15,27.53,0,44,Monthly,1,0
C1102,18,M,Italy,9,26.23,0,40,Monthly,0,0
C1103,61,M,Spain,9,26.53,0,19,Monthly,0,1
C1104,34,F,Spain,39,15.8,0,51,Monthly,1,0
C1105,49,M,France,1,28.45,0,74,Monthly,1,0
C1106,23,F,Germany,80,36.86,1,56,Annual,1,0
C1107,43,F,France,20,31.62,0,77,Annual,1,0
C1108,23,F,France,21,25.05,0,2,Annual,1,0
C1109,28,F,Spain,1,24.07,0,62,Annual,0,1
C1110,58,F,Canada,17,22.86,0,32,Annual,1,0
C1111,33,M,Netherlands,12,39.63,0,6,Monthly,0,1
C1112,38,M,Italy,3,24.64,0,14,Annual,1,0
C1113,46,F,France,6,27.79,0,38,Monthly,1,0
C1114,41,F,France,40,24.4,1,47,Annual,1,0
C1115,37,F,Canada,15,28.35,1,73,Annual,1,0
C1116,40,F,Italy,10,24.42,0,78,Monthly,1,0
C1117,64,M,Italy,2,33.27,0,15,Monthly,0,1
C1118,35,F,Canada,23,28.84,1,37,Monthly,0,1
C1119,38,M,Spain,22,33.97,1,3,Annual,0,0
C1120,48,F,Canada,18,39.35,0,3,Annual,1,0
C1121,49,F,France,13,20.58,1,26,Annual,0,1
C1122,50,F,Spain,11,25.56,0,85,Monthly,1,0
C1123,43,F,Canada,17,24.12,0,85,Annual,1,0
C1124,22,F,France,5,27.39,0,16,Monthly,1,0
C1125,55,M,Italy,52,39.62,0,69,Annual,1,0
C1126,22,F,France,16,27.54,1,53,Monthly,1,0
C1127,39,M,Netherlands,7,36.88,1,7,Monthly,1,0
C1128,26,F,France,11,34.33,1,61,Monthly,1,0
C1129,35,F,Italy,30,18.0,0,4,Annual,1,0
C1130,39,F,France,4,20.84,1,68,Annual,0,1
C1131,39,M,Spain,7,15.35,1,46,Monthly,0,1
C1132,41,F,France,21,22.91,0,73,Monthly,1,0
C1133,55,M,France,7,6.48,1,39,Annual,1,0
C1134,41,F,Germany,29,39.36,1,6,Monthly,1,0
C1135,33,M,Belgium,3,42.69,1,11,Annual,1,0
C1136,47,F,France,26,31.18,1,39,Monthly,0,1
C1137,50,M,France,2,18.67,1,39,Monthly,1,0
C1138,21,M,Spain,1,17.87,0,42,Annual,1,0
C1139,43,M,Germany,42,28.2,1,76,Annual,0,1
C1140,44,F,Belgium,16,22.86,0,46,Monthly,1,0
C1141,32,F,France,8,36.88,0,48,Monthly,0,1
C1142,52,F,Italy,5,31.03,0,85,Annual,0,1
C1143,34,M,France,18,20.76,0,53,Monthly,1,0
C1144,37,M,France,13,32.22,0,26,Annual,0,1
C1145,33,M,Spain,87,37.21,3,31,Monthly,1,0
C1146,36,F,Italy,74,43.22,2,71,Monthly,0,1
C1147,22,F,Spain,19,43.13,1,15,Annual,1,0
C1148,18,F,France,11,20.51,0,74,Annual,0,1
C1149,55,M,Germany,13,57.59,0,68,Monthly,0,1
C1150,25,M,Germany,21,28.95,0,70,Annual,1,0
C1151,24,M,Netherlands,2,29.26,1,21,Monthly,1,0
C1152,18,F,France,8,32.62,0,58,Monthly,0,1
C1153,28,M,France,2,22.81,2,56,Annual,0,1
C1154,20,M,Germany,2,34.37,0,67,Annual,1,0
C1155,55,F,Italy,4,15.7,0,31,Annual,1,0
C1156,48,M,France,12,28.09,1,82,Monthly,0,1
C1157,27,M,Belgium,28,41.28,0,9,Monthly,1,0
C1158,63,M,France,12,29.54,0,53,Monthly,1,0
C1159,47,M,Canada,8,33.13,0,45,Monthly,0,1
C1160,32,F,France,2,30.42,0,40,Annual,1,0
C1161,18,F,Italy,15,37.37,0,51,Monthly,1,0
C1162,63,M,Belgium,6,15.98,0,7,Annual,1,0
C1163,19,F,France,18,34.68,0,31,Monthly,1,0
C1164,18,M,Netherlands,69,31.85,0,29,Monthly,1,0
C1165,48,M,Germany,3,36.33,0,45,Monthly,1,0
C1166,65,M,Belgium,5,39.48,1,51,Monthly,1,0
C1167,52,M,Spain,12,15.45,0,88,Monthly,1,0
C1168,42,F,France,63,19.71,1,60,Annual,1,0
C1169,43,F,France,27,14.52,0,12,Monthly,1,0
C1170,46,F,France,42,23.05,0,88,Annual,1,0
C1171,45,F,France,8,40.64,0,39,Monthly,1,0
C1172,39,F,France,87,26.13,2,60,Annual,1,0
C1173,37,F,France,2,19.28,0,43,Monthly,1,0
C1174,35,M,Germany,1,28.0,1,61,Annual,1,0
C1175,26,M,Canada,35,20.1,1,53,Monthly,0,1
C1176,32,F,France,48,18.9,3,47,Annual,1,0
C1177,18,F,France,2,29.8,0,73,Annual,0,1
C1178,34,M,Italy,3,18.61,0,58,Monthly,0,1
C1179,24,F,France,1,38.9,1,56,Monthly,1,0
C1180,22,F,France,2,29.43,0,10,Monthly,1,0
C1181,38,F,France,5,27.62,0,24,Annual,1,0
C1182,52,M,Belgium,64,28.77,0,60,Monthly,1,0
C1183,47,F,Canada,20,38.18,0,45,Monthly,1,0
C1184,18,M,Germany,28,41.27,1,53,Monthly,1,0
C1185,24,F,Italy,27,30.68,0,33,Monthly,1,0
C1186,47,F,Italy,14,29.27,3,83,Annual,0,1
C1187,24,F,Spain,29,23.3,1,14,Monthly,1,0
C1188,33,F,Spain,17,26.4,0,70,Annual,1,0
C1189,42,M,Italy,7,22.77,0,56,Annual,1,0
C1190,24,M,France,15,30.02,0,75,Monthly,1,0
C1191,37,M,France,14,25.02,0,4,Annual,1,0
C1192,19,M,Germany,32,31.34,1,75,Monthly,1,0
C1193,28,M,Canada,73,23.84,1,40,Annual,1,0
C1194,39,M,Italy,10,31.74,0,83,Monthly,1,0
C1195,18,M,Canada,26,38.24,1,36,Annual,1,0
C1196,41,F,Netherlands,2,43.37,1,69,Monthly,0,1
C1197,35,F,France,27,19.95,1,64,Monthly,0,1
C1198,42,F,Spain,9,35.31,2,15,Monthly,1,0
C1199,38,M,Spain,1,22.45,0,29,Monthly,1,0
C1200,52,F,Netherlands,9,34.93,0,82,Annual,1,0
C1201,37,F,Netherlands,17,26.75,2,41,Monthly,1,0
C1202,30,M,Spain,3,23.52,0,70,Annual,1,0
C1203,37,M,France,47,32.51,1,79,Monthly,0,1
C1204,42,M,Canada,2,18.11,0,76,Annual,0,1
C1205,36,F,France,48,34.87,0,47,Monthly,1,0
C1206,36,M,Canada,23,42.77,2,61,Monthly,1,0
C1207,27,F,Belgium,8,29.6,0,88,Monthly,1,0
C1208,28,F,Germany,9,41.29,0,63,Annual,1,0
C1209,19,F,Italy,25,26.48,0,56,Monthly,1,0
C1210,56,F,Germany,17,37.62,0,67,Annual,1,0
C1211,21,F,Germany,21,15.53,1,53,Annual,1,0
C1212,27,M,France,9,49.35,1,27,Monthly,1,0
C1213,27,F,Spain,13,33.27,0,76,Annual,1,0
C1214,46,M,Belgium,83,28.72,2,2,Monthly,1,0
C1215,32,M,Belgium,5,15.22,1,36,Monthly,1,0
C1216,50,F,France,10,29.07,2,47,Annual,1,0
C1217,27,F,Canada,7,18.4,2,18,Annual,1,0
C1218,39,F,Spain,27,25.7,0,82,Annual,1,0
C1219,25,M,France,26,33.29,0,16,Monthly,0,1
C1220,61,F,France,7,22.47,1,81,Monthly,0,1
C1221,21,F,France,2,38.97,0,81,Monthly,0,1
C1222,39,F,Belgium,1,33.7,0,101,Annual,0,0
C1223,43,M,Italy,11,35.81,1,39,Monthly,0,1
C1224,40,M,Spain,10,22.56,0,49,Annual,0,1
C1225,33,F,France,81,18.68,2,72,Monthly,0,1
C1226,34,M,Spain,12,32.82,0,28,Monthly,1,0
C1227,36,M,France,6,27.84,0,50,Monthly,1,0
C1228,34,M,Germany,40,23.88,0,41,Monthly,1,0
C1229,47,M,Italy,13,38.82,0,28,Monthly,0,1
C1230,62,M,France,17,42.12,0,65,Annual,1,0
C1231,29,M,Canada,2,28.5,0,16,Annual,1,0
C1232,19,M,France,9,47.27,0,42,Monthly,1,0
C1233,34,F,Italy,52,28.73,0,59,Monthly,1,0
C1234,66,F,Germany,17,31.96,1,44,Monthly,1,0
C1235,26,F,Italy,8,20.66,2,59,Annual,1,0
C1236,55,M,France,18,43.1,1,58,Monthly,0,1
C1237,56,M,France,44,21.38,1,83,Annual,1,0
C1238,29,F,Belgium,6,36.88,1,15,Monthly,0,1
C1239,42,M,France,13,25.53,1,13,Monthly,0,1
C1240,55,F,Canada,58,25.49,1,89,Annual,1,0
C1241,31,F,Netherlands,4,42.24,1,83,Monthly,1,0
C1242,33,M,France,23,26.96,0,41,Monthly,0,1
C1243,29,F,France,18,26.76,2,50,Monthly,0,1
C1244,23,F,Spain,21,34.06,2,31,Monthly,0,1
C1245,28,M,Netherlands,8,46.78,0,81,Monthly,1,0
C1246,21,M,Belgium,7,32.54,0,42,Annual,1,0
C1247,36,F,Germany,21,26.79,1,72,Annual,1,0
C1248,26,M,Canada,5,27.92,0,18,Monthly,1,0
C1249,38,M,France,10,27.58,0,93,Annual,0,0
C1250,18,F,Netherlands,4,36.57,0,60,Monthly,0,1
C1251,39,F,Netherlands,1,26.1,0,72,Monthly,1,0
C1252,46,M,France,64,35.78,2,34,Monthly,0,1
C1253,18,F,France,11,30.68,0,34,Monthly,0,1
C1254,40,M,France,63,16.27,0,66,Monthly,1,0
C1255,50,M,France,3,20.31,0,69,Annual,1,0
C1256,21,M,Canada,16,27.97,2,39,Monthly,1,0
C1257,56,F,Germany,5,34.42,1,28,Monthly,1,0
C1258,41,M,France,29,45.11,1,16,Monthly,1,0
C1259,27,F,France,28,28.71,1,51,Annual,1,0
C1260,35,F,Netherlands,3,24.55,0,0,Annual,0,0
C1261,42,F,Italy,44,29.77,0,51,Monthly,1,0
C1262,36,F,Germany,4,32.18,0,23,Monthly,1,0
C1263,42,M,France,18,32.6,0,41,Monthly,1,0
C1264,24,F,Netherlands,77,38.64,0,6,Monthly,1,1
C1265,38,F,Canada,39,41.67,0,74,Monthly,1,0
C1266,19,M,France,57,29.81,1,10,Monthly,1,0
C1267,34,F,France,8,43.11,0,47,Monthly,1,0
C1268,25,M,France,3,37.26,0,19,Monthly,1,0
C1269,27,F,France,4,24.34,2,62,Monthly,1,0
C1270,50,M,Italy,13,41.11,1,79,Annual,1,0
C1271,49,M,Belgium,29,30.25,1,62,Annual,1,0
C1272,43,F,Germany,3,28.32,0,68,Monthly,1,0
C1273,22,F,Canada,20,45.22,0,87,Monthly,0,1
C1274,32,F,Germany,8,51.62,0,29,Monthly,1,0
C1275,50,M,Spain,8,24.74,0,29,Monthly,1,0
C1276,37,F,Spain,20,18.87,1,83,Annual,1,0
C1277,63,F,France,12,28.62,0,21,Monthly,1,0
C1278,40,F,Germany,31,36.65,0,60,Annual,0,1
C1279,38,F,Italy,4,34.4,0,33,Annual,1,0
C1280,32,F,France,29,34.56,0,36,Monthly,1,0
C1281,37,M,Germany,2,35.81,1,41,Monthly,0,1
C1282,34,F,Italy,4,39.98,0,34,Monthly,0,1
C1283,44,F,Netherlands,20,31.5,0,52,Monthly,1,0
C1284,47,M,Germany,35,43.25,0,59,Monthly,0,1
C1285,26,M,Canada,6,29.7,1,69,Monthly,1,0
C1286,20,F,Germany,8,34.6,0,34,Annual,0,1
C1287,18,F,Canada,14,31.09,1,79,Monthly,0,1
C1288,42,F,Italy,5,27.55,0,93,Monthly,0,1
C1289,22,M,Canada,31,26.08,1,26,Annual,1,0
C1290,18,F,Germany,27,41.18,0,2,Annual,1,0
C1291,40,M,Italy,3,22.14,0,48,Monthly,1,0
C1292,65,M,Italy,12,19.87,0,84,Annual,1,0
C1293,35,M,Germany,27,51.97,0,29,Monthly,1,0
C1294,46,F,France,8,37.82,0,21,Monthly,1,0
C1295,36,F,France,19,10.92,2,18,Monthly,0,1
C1296,34,F,France,1,25.48,0,30,Monthly,1,0
C1297,47,F,Canada,17,15.75,1,19,Annual,0,1
C1298,32,M,France,3,20.16,1,26,Annual,1,0
C1299,39,M,France,32,5.0,1,12,Annual,1,0
C1300,39,M,Spain,8,23.9,0,39,Monthly,1,0
C1301,27,M,France,6,20.86,1,38,Monthly,0,1
C1302,47,F,Germany,34,35.48,1,71,Monthly,1,0
C1303,33,F,France,1,17.0,0,64,Monthly,1,0
C1304,26,F,Netherlands,10,31.2,0,26,Annual,1,0
C1305,42,M,Canada,9,25.81,0,78,Annual,1,0
C1306,25,M,Canada,7,44.02,0,26,Monthly,1,0
C1307,36,M,Germany,44,46.29,1,77,Monthly,0,1
C1308,35,F,Spain,26,31.28,0,70,Monthly,1,0
C1309,49,F,France,2,27.39,0,16,Monthly,1,0
C1310,41,M,France,23,45.88,0,89,Monthly,1,0
C1311,35,F,France,14,17.58,1,83,Monthly,0,1
C1312,45,M,Italy,42,16.77,0,9,Monthly,0,1
C1313,52,M,Germany,7,34.33,2,18,Monthly,1,0
C1314,42,M,Germany,16,53.03,1,81,Monthly,0,0
C1315,36,F,France,13,28.38,0,29,Monthly,0,1
C1316,20,F,Germany,13,30.18,0,36,Annual,1,0
C1317,23,F,Spain,11,13.46,0,24,Monthly,1,0
C1318,32,F,Germany,5,38.31,1,98,Annual,0,1
C1319,28,F,Spain,26,32.63,2,73,Monthly,1,0
C1320,33,M,France,11,36.31,2,65,Monthly,1,0
C1321,36,M,Canada,58,26.97,2,34,Monthly,1,0
C1322,42,F,Italy,6,22.35,1,58,Monthly,1,0
C1323,35,F,France,21,17.69,1,70,Annual,1,0
C1324,41,F,France,51,30.67,1,70,Monthly,1,0
C1325,36,F,Italy,20,17.42,0,26,Annual,1,0
C1326,18,M,Canada,37,20.32,1,9,Annual,1,0
C1327,24,F,Germany,32,31.61,0,42,Monthly,1,0
C1328,34,F,France,9,26.09,0,56,Monthly,0,1
C1329,21,F,Canada,17,24.93,0,70,Annual,1,0
C1330,43,M,Spain,4,28.73,0,5,Monthly,1,0
C1331,54,M,Germany,14,32.07,0,5,Annual,1,0
C1332,50,F,Germany,5,32.69,0,78,Monthly,0,1
C1333,33,F,France,25,31.46,0,47,Monthly,0,1
C1334,53,M,Italy,14,20.07,0,76,Monthly,0,1
C1335,37,M,Germany,10,35.84,0,1,Monthly,1,0
C1336,31,F,Netherlands,6,31.68,0,82,Annual,1,0
C1337,28,M,Germany,120,22.98,1,50,Monthly,1,0
C1338,32,M,Germany,2,38.67,0,71,Annual,1,0
C1339,31,M,Italy,1,20.95,1,18,Monthly,1,0
C1340,38,M,Belgium,5,31.72,2,9,Monthly,1,0
C1341,37,M,Canada,64,41.32,0,63,Monthly,1,0
C1342,36,F,Germany,70,42.41,1,25,Monthly,0,1
C1343,41,M,Spain,20,25.27,0,69,Monthly,1,0
C1344,50,M,Italy,39,25.1,0,19,Monthly,1,0
C1345,47,M,Germany,5,38.32,1,22,Annual,1,0
C1346,18,F,France,65,35.4,0,53,Monthly,1,0
C1347,18,M,Germany,3,30.05,1,14,Monthly,1,0
C1348,47,M,France,2,21.28,0,18,Annual,1,0
C1349,19,F,Belgium,3,12.98,0,34,Annual,1,0
C1350,33,M,France,16,31.23,0,85,Monthly,1,0
C1351,21,M,Netherlands,28,33.34,1,7,Monthly,1,0
C1352,18,M,Italy,9,33.38,0,56,Annual,1,0
C1353,42,F,Italy,69,30.87,0,59,Monthly,0,1
C1354,45,F,Italy,11,38.67,0,53,Monthly,0,1
C1355,29,M,France,3,24.42,0,87,Monthly,0,1
C1356,18,F,Germany,12,39.69,2,20,Annual,1,0
C1357,29,M,France,21,25.77,0,35,Monthly,1,0
C1358,40,F,Italy,33,30.8,1,70,Annual,1,0
C1359,18,F,Germany,12,23.33,0,68,Monthly,0,1
C1360,38,F,Spain,17,24.19,0,57,Annual,1,0
C1361,35,M,France,6,14.12,0,62,Monthly,0,1
C1362,42,F,France,19,27.86,0,23,Monthly,1,0
C1363,37,F,Germany,77,34.67,2,5,Annual,1,0
C1364,24,F,Belgium,1,26.83,0,77,Monthly,1,0
C1365,50,F,Spain,40,16.6,2,51,Monthly,1,0
C1366,34,M,Germany,15,41.77,0,1,Monthly,1,0
C1367,35,M,Germany,6,34.17,0,88,Monthly,1,0
C1368,24,F,France,56,26.08,2,86,Monthly,0,1
C1369,30,M,Netherlands,12,30.9,0,17,Annual,1,0
C1370,25,F,Spain,8,46.09,0,91,Monthly,0,0
C1371,33,M,France,4,39.23,4,85,Monthly,0,1
C1372,56,M,Italy,6,37.3,0,34,Monthly,1,0
C1373,19,M,France,33,30.14,0,85,Annual,0,1
C1374,18,F,Netherlands,18,31.8,0,38,Annual,1,0
C1375,53,M,France,45,10.83,2,0,Monthly,1,0
C1376,33,F,Italy,5,22.57,0,36,Monthly,1,0
C1377,27,M,France,3,23.54,1,20,Annual,1,0
C1378,48,F,Spain,1,10.0,0,0,Monthly,1,0
C1379,28,M,Spain,13,14.17,0,3,Annual,0,1
C1380,57,M,Spain,115,8.24,2,57,Annual,1,0
C1381,44,M,Italy,22,24.92,0,0,Annual,1,0
C1382,30,F,Canada,7,38.55,1,12,Monthly,1,0
C1383,61,M,France,38,34.97,1,45,Annual,1,0
C1384,28,F,France,28,29.99,0,46,Annual,0,1
C1385,44,M,France,1,22.29,0,80,Monthly,0,1
C1386,39,F,Netherlands,31,18.54,1,75,Monthly,0,1
C1387,51,F,Germany,7,20.95,1,6,Monthly,1,0
C1388,54,M,Spain,3,14.85,0,50,Monthly,1,0
C1389,36,F,Spain,5,17.89,0,2,Monthly,1,0
C1390,26,F,France,12,28.72,0,49,Monthly,1,0
C1391,41,F,France,10,21.89,1,40,Monthly,0,1
C1392,27,F,France,7,32.71,2,43,Monthly,1,0
C1393,60,M,Germany,4,33.14,1,68,Monthly,1,0
C1394,37,M,France,26,27.08,2,25,Annual,0,1
C1395,31,F,France,84,35.21,2,76,Annual,0,1
C1396,38,F,Canada,28,22.56,0,67,Monthly,1,0
C1397,19,F,Netherlands,7,37.35,0,27,Monthly,0,1
C1398,24,F,France,6,29.89,0,43,Monthly,1,0
C1399,50,M,France,5,24.6,0,80,Annual,0,1
C1400,28,M,France,3,33.37,0,37,Annual,1,0
C1401,23,F,Spain,15,28.83,1,29,Annual,1,0
C1402,42,F,Canada,17,24.43,1,65,Monthly,0,1
C1403,50,F,France,23,25.69,0,15,Annual,1,0
C1404,44,M,France,21,32.25,0,13,Monthly,1,0
C1405,47,M,Canada,7,26.83,1,73,Annual,1,0
C1406,26,F,Italy,8,32.68,4,74,Monthly,0,1
C1407,18,F,France,21,29.02,0,69,Annual,1,0
C1408,54,M,Italy,8,42.66,1,78,Monthly,1,0
C1409,32,M,France,5,15.98,2,71,Annual,1,0
C1410,32,F,Germany,9,30.62,0,47,Annual,1,0
C1411,51,F,Spain,6,17.73,1,12,Monthly,1,0
C1412,42,F,Canada,2,36.83,1,27,Monthly,1,0
C1413,41,M,Germany,32,19.86,2,14,Annual,1,0
C1414,61,F,Belgium,35,33.77,1,32,Monthly,1,0
C1415,28,F,Germany,5,29.96,1,15,Monthly,1,0
C1416,47,M,Spain,2,19.13,0,12,Monthly,1,0
C1417,36,F,Germany,25,23.43,0,85,Monthly,0,1
C1418,39,M,Canada,5,28.28,1,22,Monthly,0,1
C1419,54,F,Belgium,9,39.68,0,35,Monthly,1,0
C1420,42,F,France,2,29.8,2,42,Monthly,0,1
C1421,42,M,Belgium,5,36.02,2,49,Monthly,0,1
C1422,48,F,Canada,29,40.79,0,73,Annual,1,0
C1423,31,M,Canada,30,30.7,0,80,Annual,0,1
C1424,25,M,France,5,22.98,1,12,Annual,1,0
C1425,23,F,Canada,8,35.74,0,29,Monthly,1,0
C1426,18,M,Canada,3,24.88,1,56,Annual,1,0
C1427,60,F,France,2,25.96,1,29,Monthly,1,0
C1428,22,M,Netherlands,88,21.84,0,70,Monthly,0,1
C1429,33,F,France,20,33.67,1,9,Annual,1,0
C1430,32,M,France,15,24.22,0,65,Annual,0,1
C1431,39,F,Italy,27,26.51,1,82,Annual,1,0
C1432,45,F,Italy,33,17.74,1,45,Annual,1,0
C1433,46,M,Italy,30,31.49,0,36,Monthly,1,0
C1434,29,M,France,1,23.9,1,2,Monthly,0,1
C1435,33,F,Netherlands,4,29.58,1,102,Annual,0,1
C1436,39,F,France,20,37.02,1,33,Monthly,0,1
C1437,33,M,France,9,36.33,0,85,Monthly,1,0
C1438,55,M,France,73,26.84,1,37,Annual,1,0
C1439,41,F,Italy,20,12.47,1,13,Annual,1,0
C1440,44,F,Belgium,57,54.94,0,63,Monthly,1,0
C1441,43,F,Spain,5,35.07,0,38,Annual,1,0
C1442,50,M,Canada,36,34.0,2,53,Annual,1,0
C1443,38,F,France,7,21.58,0,1,Annual,1,0
C1444,20,F,Italy,83,27.09,0,42,Monthly,1,0
C1445,40,M,Germany,4,30.65,0,52,Monthly,1,0
C1446,28,F,Germany,14,45.11,0,2,Monthly,1,0
C1447,29,F,France,29,32.1,0,54,Monthly,0,1
C1448,43,F,Spain,11,18.73,1,7,Monthly,1,0
C1449,50,F,Germany,12,31.23,0,89,Monthly,0,1
C1450,36,F,Spain,78,33.97,3,74,Monthly,1,0
C1451,39,M,Germany,10,43.02,0,62,Annual,1,0
C1452,56,F,France,17,42.23,1,70,Monthly,1,0
C1453,38,M,Italy,2,30.65,0,78,Annual,1,0
C1454,67,M,France,34,25.18,0,3,Annual,1,0
C1455,42,M,Canada,19,6.07,1,80,Monthly,0,1
C1456,18,F,Italy,10,27.34,1,9,Annual,1,0
C1457,45,F,France,1,29.99,0,83,Monthly,1,0
C1458,40,F,Netherlands,17,35.12,0,49,Monthly,1,0
C1459,51,F,Germany,1,31.89,0,22,Annual,1,0
C1460,44,F,France,1,19.39,0,60,Monthly,1,0
C1461,34,M,Italy,18,29.21,1,59,Annual,1,0
C1462,21,F,France,4,35.06,0,2,Monthly,1,0
C1463,33,F,Canada,4,33.71,1,16,Annual,1,0
C1464,25,F,Canada,20,39.57,2,21,Monthly,1,0
C1465,29,M,Netherlands,1,34.95,1,15,Annual,1,0
C1466,43,F,Germany,7,31.72,0,79,Monthly,0,1
C1467,56,M,Germany,3,30.99,2,2,Annual,1,0
C1468,40,F,Spain,16,23.16,0,62,Annual,1,0
C1469,21,M,France,20,30.86,0,42,Monthly,1,0
C1470,41,M,Italy,23,32.39,0,41,Annual,1,0
C1471,50,F,Italy,6,33.15,1,1,Monthly,1,0
C1472,28,F,France,2,41.96,1,38,Annual,1,0
C1473,34,F,Germany,2,52.65,2,45,Monthly,0,1
C1474,36,F,Canada,10,29.37,0,62,Annual,1,0
C1475,26,M,Canada,53,5.0,2,26,Annual,1,0
C1476,43,M,France,5,39.89,0,14,Monthly,0,0
C1477,34,M,France,6,25.68,0,6,Monthly,1,0
C1478,41,M,France,2,23.59,1,56,Monthly,0,1
C1479,25,F,Canada,17,25.93,1,41,Annual,1,0
C1480,30,F,France,21,26.43,1,20,Monthly,1,0
C1481,44,M,Spain,19,29.9,0,5,Monthly,1,0
C1482,31,F,France,36,15.77,0,67,Annual,1,0
C1483,56,M,Italy,12,19.38,1,75,Monthly,1,0
C1484,31,F,Germany,3,33.97,1,34,Annual,1,0
C1485,38,F,Canada,7,36.98,1,70,Monthly,0,1
C1486,47,M,France,20,35.13,0,92,Monthly,0,1
C1487,18,F,Italy,18,19.53,0,97,Annual,0,0
C1488,18,M,France,14,22.17,0,53,Monthly,0,1
C1489,18,M,Spain,21,20.95,0,26,Monthly,1,0
C1490,51,M,Canada,19,30.53,0,83,Annual,1,0
C1491,29,M,France,39,41.88,1,58,Monthly,1,0
C1492,66,M,Canada,16,14.06,2,14,Annual,1,0
C1493,29,M,Italy,28,23.61,1,39,Annual,1,0
C1494,38,F,France,6,19.34,1,81,Monthly,1,0
C1495,54,F,Germany,21,21.78,2,13,Monthly,1,0
C1496,60,M,France,42,33.96,1,22,Annual,1,0
C1497,60,F,Spain,9,29.36,0,9,Monthly,0,1
C1498,50,F,Spain,28,28.6,1,59,Monthly,1,0
C1499,48,F,France,24,33.63,1,17,Annual,1,0
C1500,43,M,Germany,2,31.16,1,17,Monthly,1,0
C1501,45,M,Canada,16,25.69,0,15,Annual,1,0
C1502,29,F,Belgium,3,48.49,0,51,Monthly,1,0
C1503,26,M,Germany,62,33.03,1,68,Monthly,1,0
C1504,35,M,Netherlands,31,39.88,0,51,Monthly,0,1
C1505,33,M,Italy,3,25.25,0,41,Annual,1,0
C1506,30,M,Germany,3,18.19,0,83,Annual,1,0
C1507,44,M,Canada,17,14.08,0,22,Annual,1,0
C1508,47,F,Germany,8,30.37,0,41,Monthly,1,0
C1509,37,M,Germany,1,43.45,0,80,Monthly,1,0
C1510,53,F,Germany,15,41.31,1,61,Monthly,1,0
C1511,22,M,Canada,9,39.31,0,76,Monthly,1,0
C1512,33,M,Canada,2,24.1,0,60,Monthly,0,1
C1513,27,F,Germany,30,43.13,1,76,Annual,1,0
C1514,18,F,France,45,22.28,1,80,Monthly,0,1
C1515,35,M,Germany,26,33.03,0,14,Annual,1,0
C1516,34,F,Italy,32,27.92,1,101,Monthly,0,0
C1517,54,M,France,5,25.75,0,43,Annual,1,0
C1518,43,F,Canada,6,42.71,1,41,Monthly,0,1
C1519,23,F,Germany,5,29.36,1,44,Monthly,1,0
C1520,58,M,France,27,19.2,2,34,Monthly,0,1
C1521,50,M,France,54,30.16,2,21,Monthly,1,0
C1522,42,M,France,23,26.8,0,73,Monthly,1,0
C1523,33,F,Belgium,39,58.02,0,74,Monthly,0,1
C1524,24,M,France,19,35.41,1,37,Monthly,1,0
C1525,31,M,France,9,24.05,1,69,Annual,0,1
C1526,49,M,Germany,10,23.9,0,63,Annual,0,1
C1527,58,M,France,2,13.46,0,14,Annual,0,0
C1528,54,M,France,1,21.8,0,43,Monthly,1,0
C1529,30,F,France,22,27.83,1,75,Annual,1,0
C1530,22,F,Italy,11,39.42,2,6,Monthly,1,0
C1531,37,M,Italy,15,36.97,0,65,Monthly,0,1
C1532,18,F,Germany,15,36.83,1,59,Monthly,0,1
C1533,39,M,Germany,6,32.41,0,0,Monthly,1,0
C1534,34,F,Netherlands,12,36.15,0,61,Monthly,0,1
C1535,30,M,Germany,12,30.85,0,86,Monthly,0,1
C1536,18,M,France,9,43.75,0,88,Monthly,1,0
C1537,42,F,France,31,25.64,1,17,Annual,1,0
C1538,29,F,Germany,11,30.88,0,6,Annual,1,0
C1539,21,F,Spain,17,6.55,0,53,Annual,0,1
C1540,18,M,France,41,25.59,3,66,Annual,1,0
C1541,35,M,Spain,37,31.69,3,9,Monthly,0,1
C1542,57,F,France,40,19.31,0,60,Annual,0,1
C1543,55,M,Germany,6,26.09,0,61,Annual,1,0
C1544,30,F,Spain,1,31.34,0,70,Monthly,1,0
C1545,28,F,France,6,18.19,0,68,Monthly,1,0
C1546,41,M,Italy,6,32.82,2,62,Annual,1,0
C1547,24,F,France,44,25.74,1,7,Monthly,1,0
C1548,39,F,Spain,19,19.7,0,77,Annual,0,1
C1549,45,F,France,2,21.01,0,54,Monthly,0,1
C1550,50,F,Canada,3,35.02,0,5,Monthly,0,1
C1551,34,F,France,4,49.68,0,0,Monthly,1,0
C1552,33,F,Canada,18,38.25,0,62,Monthly,1,0
C1553,25,M,Germany,24,25.28,1,74,Annual,0,1
C1554,26,F,Spain,36,30.68,1,87,Annual,1,0
C1555,33,M,France,51,27.47,0,9,Monthly,1,0
C1556,40,F,Belgium,5,42.0,1,22,Monthly,1,0
C1557,46,F,France,7,32.81,0,15,Annual,1,0
C1558,26,M,France,5,5.81,0,15,Annual,1,0
C1559,53,M,Germany,8,26.97,0,55,Monthly,1,0
C1560,32,F,France,45,37.56,2,13,Monthly,0,1
C1561,35,M,France,16,28.09,0,29,Annual,1,0
C1562,27,M,Belgium,25,20.53,1,72,Annual,1,0
C1563,18,M,Netherlands,13,28.93,1,0,Monthly,1,0
C1564,46,F,Germany,1,19.75,0,50,Monthly,1,0
C1565,44,F,Belgium,2,27.26,0,88,Annual,1,0
C1566,32,F,Italy,14,41.12,0,59,Annual,1,0
C1567,36,M,France,23,36.44,0,20,Monthly,0,1
C1568,42,F,Spain,5,42.52,1,37,Monthly,0,1
C1569,18,M,Italy,24,31.55,1,68,Annual,1,0
C1570,29,F,Netherlands,30,42.22,0,62,Monthly,1,0
C1571,45,F,France,10,45.79,0,49,Monthly,0,0
C1572,20,M,Spain,25,28.02,1,11,Monthly,1,0
C1573,39,F,France,10,28.5,0,68,Monthly,1,0
C1574,19,M,France,21,34.44,0,72,Annual,1,0
C1575,41,M,France,26,41.63,0,54,Monthly,1,0
C1576,35,M,Netherlands,87,27.14,1,51,Annual,1,0
C1577,18,M,Canada,8,26.23,4,8,Monthly,1,0
C1578,49,M,Canada,10,33.11,0,64,Monthly,1,0
C1579,27,M,Germany,4,41.65,1,9,Monthly,1,0
C1580,26,M,France,5,32.75,0,45,Annual,1,0
C1581,38,F,France,22,16.75,0,57,Annual,1,0
C1582,49,F,France,45,45.29,1,36,Monthly,1,0
C1583,23,F,Germany,10,26.88,0,51,Annual,1,0
C1584,36,F,Spain,4,20.59,0,80,Annual,1,0
C1585,41,M,Italy,7,18.7,1,12,Annual,1,0
C1586,44,M,France,11,51.59,1,5,Monthly,1,0
C1587,38,M,France,7,28.74,0,57,Annual,1,0
C1588,31,F,France,5,23.19,0,55,Monthly,1,0
C1589,26,M,Germany,24,41.91,0,31,Monthly,1,0
C1590,37,F,Belgium,1,33.44,0,10,Annual,1,0
C1591,23,M,Italy,14,26.5,2,80,Monthly,1,0
C1592,18,M,Canada,29,38.72,0,4,Monthly,1,0
C1593,41,F,Germany,6,28.4,0,5,Monthly,1,0
C1594,46,F,Germany,17,27.95,0,73,Annual,1,0
C1595,18,F,France,20,12.53,0,20,Annual,1,0
C1596,23,M,Canada,20,21.41,0,51,Monthly,1,0
C1597,43,M,Canada,11,41.81,0,80,Annual,0,1
C1598,60,M,France,8,43.13,0,26,Monthly,1,0
C1599,36,F,Germany,33,35.53,0,2,Monthly,1,0
C1600,27,F,Germany,26,43.47,0,59,Annual,1,0
C1601,33,M,Italy,7,26.72,1,65,Monthly,1,0
C1602,52,M,Belgium,2,29.05,1,48,Monthly,1,0
C1603,28,F,Italy,2,28.45,0,33,Monthly,1,0
C1604,26,F,Italy,2,24.3,0,36,Annual,1,0
C1605,30,M,France,16,28.28,0,41,Monthly,0,1
C1606,24,F,France,1,35.23,1,73,Annual,1,0
C1607,37,F,France,8,28.08,0,59,Annual,1,1
C1608,55,F,France,26,35.7,0,89,Monthly,0,1
C1609,39,M,Spain,7,29.93,1,0,Annual,1,0
C1610,32,M,Spain,26,28.11,1,58,Monthly,1,0
C1611,32,M,France,25,22.24,0,3,Monthly,1,0
C1612,18,M,Canada,6,19.06,1,13,Annual,1,0
C1613,46,F,France,24,28.07,1,17,Annual,0,1
C1614,35,F,France,25,28.63,1,33,Monthly,0,1
C1615,33,M,France,10,30.7,0,0,Monthly,1,0
C1616,74,F,Germany,5,34.87,0,52,Monthly,1,0
C1617,39,M,France,14,50.67,1,21,Monthly,1,0
C1618,26,F,Germany,46,24.36,1,79,Monthly,1,0
C1619,30,F,Germany,19,19.08,1,69,Monthly,0,1
C1620,49,F,Netherlands,4,32.99,0,21,Annual,1,0
C1621,37,F,France,21,26.99,2,49,Monthly,0,1
C1622,18,F,France,11,32.53,0,26,Monthly,1,0
C1623,47,F,France,17,31.2,0,27,Annual,1,0
C1624,27,M,Italy,24,34.45,2,85,Annual,1,0
C1625,58,F,France,14,17.94,0,69,Monthly,0,1
C1626,48,M,Canada,31,27.55,0,88,Monthly,0,1
C1627,30,M,Germany,24,34.59,0,41,Annual,1,0
C1628,51,M,Germany,18,41.16,2,76,Monthly,1,0
C1629,36,M,Italy,3,45.55,0,70,Monthly,1,0
C1630,46,M,France,33,33.88,1,80,Annual,0,1
C1631,41,F,France,50,29.55,2,34,Monthly,1,0
C1632,25,F,France,3,22.88,0,19,Monthly,1,0
C1633,28,F,Italy,13,23.49,1,11,Monthly,1,0
C1634,48,M,France,6,25.26,0,6,Monthly,1,0
C1635,31,M,France,26,35.24,3,48,Monthly,1,0
C1636,31,F,Netherlands,24,32.45,0,82,Annual,1,0
C1637,24,F,France,3,19.41,0,88,Monthly,1,0
C1638,41,M,Canada,38,28.51,0,8,Monthly,1,0
C1639,60,F,Canada,4,39.02,1,35,Monthly,0,1
C1640,23,M,France,29,29.53,1,77,Annual,1,0
C1641,36,M,France,11,34.55,0,1,Monthly,1,0
C1642,52,M,France,8,33.06,1,84,Monthly,0,1
C1643,35,M,Spain,4,34.21,0,67,Annual,1,0
C1644,41,M,Italy,4,29.89,0,59,Monthly,0,1
C1645,23,F,Canada,20,28.91,0,95,Monthly,0,0
C1646,41,M,Belgium,15,23.67,0,85,Monthly,0,1
C1647,33,M,Spain,3,27.0,0,48,Monthly,1,0
C1648,47,F,France,3,10.47,1,1,Monthly,1,0
C1649,50,F,France,2,25.67,0,28,Annual,1,0
C1650,67,F,Canada,25,30.35,0,82,Monthly,1,0
C1651,42,F,France,23,19.08,1,87,Monthly,0,1
C1652,39,M,France,2,22.57,0,19,Monthly,1,0
C1653,38,M,Spain,15,31.48,1,75,Monthly,1,0
C1654,31,F,Germany,2,36.85,2,88,Monthly,1,0
C1655,40,F,Belgium,43,28.63,0,86,Annual,1,0
C1656,32,M,Italy,43,30.45,2,35,Monthly,1,0
C1657,38,F,France,22,27.67,1,50,Annual,0,1
C1658,51,F,Belgium,47,40.94,0,87,Monthly,0,1
C1659,23,M,France,31,30.99,2,41,Monthly,1,0
C1660,49,M,France,32,18.33,1,62,Monthly,0,1
C1661,51,F,Germany,16,48.04,0,88,Monthly,1,0
C1662,34,F,France,7,32.96,1,60,Monthly,0,1
C1663,18,F,Germany,5,30.29,1,61,Monthly,1,0
C1664,28,M,France,8,17.98,0,2,Annual,0,1
C1665,51,M,Germany,18,38.17,0,103,Monthly,0,0
C1666,35,F,Germany,4,34.06,0,75,Monthly,1,0
C1667,24,M,Spain,6,37.59,1,35,Monthly,1,0
C1668,29,M,Canada,12,29.23,1,62,Monthly,1,0
C1669,46,F,France,5,23.3,0,7,Monthly,1,0
C1670,42,F,Germany,16,42.17,0,4,Monthly,1,0
C1671,33,M,Germany,47,42.4,0,10,Monthly,1,0
C1672,31,F,France,25,28.21,0,41,Annual,1,0
C1673,31,F,Canada,20,33.67,0,49,Annual,1,0
C1674,24,M,Spain,16,24.7,0,26,Monthly,1,0
C1675,55,M,France,13,31.87,0,55,Monthly,1,0
C1676,32,M,Germany,4,39.89,0,52,Annual,1,0
C1677,50,M,France,41,35.0,1,54,Monthly,1,0
C1678,54,M,Italy,6,26.65,0,60,Monthly,1,0
C1679,47,F,France,2,40.82,1,31,Monthly,0,1
C1680,30,M,Netherlands,25,15.08,1,45,Monthly,1,0
C1681,40,F,Canada,4,48.42,1,35,Monthly,1,0
C1682,35,F,Germany,9,21.35,1,17,Monthly,1,0
C1683,25,M,Italy,1,22.98,1,73,Monthly,1,0
C1684,39,M,Belgium,3,30.67,0,17,Monthly,1,0
C1685,21,F,Italy,4,24.15,1,11,Annual,0,1
C1686,50,M,France,2,38.05,1,71,Monthly,0,1
C1687,30,F,Germany,20,26.54,0,45,Monthly,1,0
C1688,38,F,Canada,33,34.09,1,54,Monthly,1,0
C1689,39,F,Italy,9,21.04,0,37,Annual,1,0
C1690,32,M,Italy,38,27.33,3,77,Annual,1,0
C1691,43,M,Canada,5,28.33,0,1,Annual,0,1
C1692,30,F,Canada,8,32.74,0,8,Monthly,0,1
C1693,46,M,Belgium,3,23.94,0,4,Annual,1,0
C1694,19,F,France,18,23.33,1,18,Annual,1,0
C1695,37,M,Italy,10,30.3,0,70,Monthly,1,0
C1696,59,F,Spain,18,32.55,0,38,Monthly,1,0
C1697,23,F,Spain,26,20.21,2,41,Monthly,0,1
C1698,27,M,Italy,15,18.94,0,16,Annual,1,0
C1699,42,F,France,18,34.91,1,62,Monthly,1,0
C1700,38,F,Canada,50,31.74,0,89,Monthly,1,1
C1701,40,M,Spain,7,28.48,0,55,Annual,1,0
C1702,41,M,France,9,20.48,0,27,Annual,0,0
C1703,43,F,Germany,23,18.69,0,69,Annual,1,0
C1704,49,F,France,18,23.16,1,7,Annual,1,0
C1705,40,F,France,4,23.87,0,24,Monthly,1,0
C1706,33,F,France,9,26.43,2,31,Annual,1,0
C1707,44,F,Germany,12,29.91,0,18,Monthly,0,1
C1708,58,M,Italy,10,30.54,0,23,Annual,1,0
C1709,34,M,Italy,4,25.69,0,33,Monthly,1,0
C1710,24,F,Spain,47,23.58,0,55,Annual,1,0
C1711,49,F,Canada,26,29.93,0,80,Annual,1,0
C1712,34,F,France,12,28.4,0,17,Annual,1,0
C1713,18,F,France,21,29.81,0,11,Monthly,1,0
C1714,46,M,Canada,41,36.08,0,40,Monthly,1,0
C1715,29,F,France,3,21.27,0,90,Annual,1,0
C1716,34,F,Netherlands,6,45.2,1,47,Monthly,0,0
C1717,39,M,Canada,15,27.1,0,81,Annual,0,1
C1718,38,F,Germany,29,24.51,0,72,Monthly,1,0
C1719,44,M,Netherlands,1,31.95,0,15,Annual,1,0
C1720,30,F,France,75,23.19,0,79,Monthly,1,0
C1721,42,M,France,11,31.79,0,22,Annual,1,0
C1722,32,M,Italy,9,41.11,2,102,Annual,1,1
C1723,44,M,Germany,7,28.71,1,38,Monthly,0,1
C1724,43,M,Belgium,4,33.66,0,32,Monthly,1,0
C1725,24,F,France,29,15.96,1,23,Monthly,1,0
C1726,49,F,Italy,56,31.63,1,60,Monthly,1,0
C1727,29,M,Italy,10,20.91,0,54,Monthly,1,0
C1728,45,M,Italy,55,20.7,1,60,Annual,1,0
C1729,40,F,France,32,21.19,0,83,Monthly,1,0
C1730,58,F,Germany,12,40.86,0,39,Monthly,1,0
C1731,33,F,Canada,21,40.06,0,57,Monthly,1,0
C1732,31,F,France,11,30.19,2,81,Monthly,0,1
C1733,35,F,Canada,15,25.08,0,73,Monthly,1,0
C1734,32,M,Italy,2,36.64,1,0,Annual,1,0
C1735,45,F,Spain,22,17.1,0,84,Annual,1,0
C1736,18,F,Spain,1,7.7,0,24,Monthly,1,0
C1737,23,M,France,31,33.67,1,52,Monthly,1,0
C1738,23,M,Italy,32,17.25,0,60,Annual,1,0
C1739,47,M,Canada,5,39.91,0,56,Monthly,1,0
C1740,56,M,Germany,8,31.95,0,82,Monthly,0,1
C1741,34,F,Netherlands,12,38.83,0,59,Monthly,0,1
C1742,33,M,Germany,17,46.21,0,50,Monthly,1,0
C1743,36,M,France,7,18.3,0,72,Annual,0,1
C1744,49,F,Germany,17,27.43,0,83,Annual,1,0
C1745,24,M,Netherlands,7,33.39,0,47,Monthly,0,1
C1746,38,M,France,2,42.3,2,83,Monthly,0,1
C1747,47,F,Canada,1,24.06,0,39,Annual,1,0
C1748,42,F,Canada,2,24.52,0,6,Annual,1,0
C1749,38,F,Germany,29,34.94,1,74,Annual,1,0
C1750,48,F,France,59,22.84,1,84,Annual,1,0
C1751,18,F,Spain,11,26.22,2,18,Monthly,1,0
C1752,44,M,France,13,15.83,0,14,Annual,1,0
C1753,28,F,Canada,3,44.74,0,69,Annual,1,0
C1754,18,M,Germany,15,24.22,2,60,Monthly,0,1
C1755,42,M,Germany,3,29.18,0,55,Annual,1,0
C1756,52,M,Spain,18,24.74,0,9,Monthly,1,0
C1757,34,M,Germany,49,50.3,0,45,Monthly,1,0
C1758,47,F,Germany,4,24.4,0,87,Monthly,1,0
C1759,55,F,Germany,27,50.87,0,74,Monthly,1,0
C1760,51,M,Germany,1,41.06,0,56,Monthly,0,1
C1761,55,M,Germany,9,38.34,1,34,Monthly,1,0
C1762,44,M,Canada,3,24.12,0,71,Monthly,1,1
C1763,36,F,Germany,8,39.57,0,2,Monthly,0,1
C1764,18,M,Germany,4,29.21,1,65,Monthly,1,0
C1765,33,F,Spain,9,35.13,1,52,Monthly,0,0
C1766,25,M,France,10,20.01,2,77,Annual,1,0
C1767,62,M,France,7,29.09,1,51,Monthly,0,1
C1768,33,F,Belgium,20,26.56,0,52,Monthly,1,0
C1769,37,M,Spain,46,15.39,0,53,Annual,1,0
C1770,42,F,Italy,10,30.54,0,46,Annual,1,0
C1771,36,F,Italy,4,29.06,1,2,Annual,0,1
C1772,56,F,France,6,39.67,0,64,Monthly,1,0
C1773,28,M,Italy,35,13.76,0,14,Monthly,1,0
C1774,38,M,Germany,16,39.16,0,83,Annual,0,0
C1775,27,M,Italy,11,48.04,1,85,Monthly,0,1
C1776,20,F,Germany,3,31.39,1,33,Monthly,0,1
C1777,28,M,France,11,45.16,0,49,Monthly,0,1
C1778,35,M,France,6,25.11,1,32,Annual,1,0
C1779,30,F,Netherlands,52,23.02,0,72,Monthly,1,0
C1780,27,M,Germany,39,29.3,1,12,Annual,1,0
C1781,19,F,Germany,2,39.05,1,1,Annual,1,0
C1782,35,M,France,14,23.29,0,3,Monthly,0,1
C1783,18,F,France,5,22.68,0,15,Annual,1,0
C1784,45,F,Spain,10,26.77,0,63,Annual,1,0
C1785,36,F,Italy,38,25.22,3,32,Annual,1,0
C1786,18,M,Germany,14,39.68,0,16,Monthly,1,0
C1787,32,F,France,8,28.71,0,56,Annual,1,0
C1788,26,F,Spain,5,28.84,1,51,Monthly,0,1
C1789,39,M,France,29,23.89,0,51,Annual,1,0
C1790,52,M,France,18,31.85,1,81,Monthly,1,0
C1791,18,F,Germany,12,27.58,0,15,Monthly,1,0
C1792,37,F,France,5,36.28,0,7,Annual,1,0
C1793,34,F,France,8,22.43,0,86,Annual,1,0
C1794,44,F,Italy,58,37.03,0,59,Monthly,1,0
C1795,38,M,Italy,14,26.13,0,35,Monthly,1,0
C1796,26,M,Canada,10,33.62,0,2,Monthly,1,0
C1797,32,M,Germany,14,27.94,0,14,Annual,0,0
C1798,26,F,France,28,19.68,1,81,Annual,0,1
C1799,48,M,France,8,14.44,1,29,Annual,1,0
C1800,36,M,Netherlands,4,25.56,0,2,Monthly,0,1
C1801,58,M,Italy,16,25.41,1,29,Monthly,1,0
C1802,35,M,Spain,20,24.03,0,44,Annual,1,0
C1803,27,M,France,23,34.27,1,25,Annual,1,0
C1804,18,M,Germany,39,31.43,0,57,Monthly,1,0
C1805,18,F,France,9,20.65,0,57,Annual,1,0
C1806,18,M,Italy,2,16.46,1,56,Monthly,0,1
C1807,39,M,Belgium,58,34.84,0,6,Monthly,1,0
C1808,42,M,Netherlands,11,45.07,0,46,Monthly,1,0
C1809,18,F,Italy,18,38.13,0,77,Monthly,0,1
C1810,46,M,Germany,20,40.68,0,57,Monthly,1,0
C1811,30,M,Belgium,15,36.11,0,55,Monthly,0,1
C1812,37,F,Spain,5,38.58,0,14,Monthly,0,1
C1813,55,F,France,26,29.39,0,43,Annual,1,0
C1814,46,M,Germany,30,40.17,0,11,Monthly,1,0
C1815,32,M,France,15,27.43,1,7,Monthly,1,0
C1816,25,M,Germany,13,24.1,0,79,Monthly,1,0
C1817,18,F,Germany,3,29.53,0,40,Monthly,1,0
C1818,27,M,Italy,2,25.13,2,33,Annual,1,0
C1819,33,F,Germany,8,35.49,0,45,Monthly,0,1
C1820,24,F,France,7,40.87,1,87,Annual,1,0
C1821,34,F,Germany,56,32.09,0,28,Annual,1,0
C1822,36,F,Canada,28,41.43,1,31,Monthly,1,0
C1823,33,F,Spain,20,21.52,3,4,Monthly,1,0
C1824,28,F,France,14,27.51,0,4,Monthly,1,0
C1825,38,F,Belgium,4,20.37,0,29,Monthly,0,1
C1826,41,F,Belgium,70,22.56,1,62,Annual,1,0
C1827,22,F,France,9,34.22,1,4,Monthly,0,1
C1828,52,F,France,3,30.06,0,12,Monthly,1,0
C1829,34,F,Spain,13,32.54,0,48,Monthly,0,1
C1830,36,M,Canada,38,33.45,0,88,Monthly,1,0
C1831,44,F,Netherlands,40,31.18,1,49,Monthly,1,0
C1832,38,F,Canada,1,49.19,0,13,Monthly,1,0
C1833,47,F,Italy,40,27.25,0,45,Monthly,0,1
C1834,39,F,Italy,6,37.3,0,89,Monthly,0,1
C1835,28,M,France,1,24.11,0,81,Annual,1,0
C1836,40,M,France,34,32.11,0,83,Annual,1,0
C1837,22,M,Germany,36,42.42,1,33,Monthly,1,0
C1838,37,M,Italy,17,29.67,0,70,Monthly,1,0
C1839,35,M,Italy,16,8.25,1,46,Annual,1,0
C1840,33,F,Spain,31,25.15,0,59,Monthly,1,0
C1841,34,F,France,28,39.84,1,73,Monthly,1,0
C1842,18,F,Italy,40,32.22,1,78,Monthly,1,0
C1843,29,F,France,15,30.21,2,80,Annual,0,1
C1844,37,M,Germany,62,21.22,0,10,Monthly,1,0
C1845,37,M,Spain,101,17.31,1,84,Annual,1,0
C1846,23,F,Spain,3,25.46,1,55,Annual,0,1
C1847,51,M,Netherlands,35,33.55,1,3,Annual,0,0
C1848,25,M,France,13,35.75,0,40,Annual,1,0
C1849,47,F,Germany,9,33.84,0,58,Monthly,0,1
C1850,41,F,France,18,33.25,1,59,Monthly,1,0
C1851,28,F,Germany,2,31.62,0,88,Annual,1,0
C1852,57,F,Canada,13,21.69,1,72,Annual,1,0
C1853,21,F,Spain,37,6.95,1,83,Monthly,1,0
C1854,47,F,Canada,5,31.9,0,24,Annual,1,0
C1855,48,F,France,11,31.39,2,86,Monthly,0,1
C1856,27,F,Canada,51,27.05,2,78,Monthly,1,0
C1857,52,M,France,11,17.05,1,32,Monthly,1,0
C1858,32,M,Canada,8,37.04,1,18,Monthly,0,1
C1859,39,M,France,11,27.87,0,56,Monthly,0,1
C1860,39,F,France,14,34.45,1,14,Monthly,0,1
C1861,34,F,Germany,18,49.91,2,40,Monthly,0,1
C1862,45,M,Belgium,30,13.87,0,68,Monthly,1,0
C1863,45,F,France,11,24.4,1,79,Monthly,1,0
C1864,18,F,Germany,31,29.99,1,72,Annual,1,0
C1865,51,M,Canada,14,43.64,1,30,Monthly,1,0
C1866,18,M,Germany,8,21.91,1,42,Monthly,1,0
C1867,48,F,France,20,45.49,1,31,Monthly,0,1
C1868,49,F,Germany,23,36.09,1,22,Monthly,1,0
C1869,22,F,Germany,15,30.81,2,37,Annual,1,0
C1870,31,F,Belgium,2,29.42,0,25,Monthly,1,0
C1871,22,F,Spain,4,19.36,0,80,Annual,0,1
C1872,33,F,Germany,7,43.38,0,4,Monthly,0,0
C1873,32,F,Netherlands,6,25.45,1,48,Monthly,0,1
C1874,45,M,Germany,21,37.76,0,4,Monthly,1,0
C1875,51,M,France,1,26.93,0,70,Monthly,0,1
C1876,52,M,France,26,23.9,1,58,Monthly,1,0
C1877,29,F,Germany,6,55.69,0,17,Monthly,1,0
C1878,33,F,France,7,33.35,0,5,Monthly,1,0
C1879,18,F,Belgium,14,35.91,0,65,Monthly,0,1
C1880,26,F,Spain,5,30.69,1,76,Annual,1,0
C1881,47,F,France,39,18.63,2,41,Monthly,0,0
C1882,55,M,Italy,2,42.02,2,51,Monthly,1,0
C1883,21,M,Spain,11,5.0,1,10,Monthly,1,0
C1884,28,M,Belgium,35,24.85,0,36,Monthly,1,0
C1885,35,F,Canada,18,28.33,1,20,Monthly,0,1
C1886,39,M,Germany,7,35.69,1,65,Annual,1,0
C1887,26,F,Spain,10,24.07,0,39,Annual,1,0
C1888,41,F,Italy,23,26.67,1,55,Monthly,1,0
C1889,30,F,Italy,66,27.9,0,50,Monthly,1,0
C1890,35,M,France,41,22.18,1,19,Monthly,1,0
C1891,42,M,France,8,16.22,1,88,Annual,0,1
C1892,36,F,Germany,114,40.81,2,79,Monthly,1,0
C1893,30,M,France,1,35.55,0,63,Monthly,1,0
C1894,34,M,France,1,42.68,0,4,Monthly,1,0
C1895,34,F,Spain,32,16.81,1,13,Annual,0,0
C1896,31,F,France,5,35.54,1,23,Monthly,1,0
C1897,32,F,Italy,2,25.73,0,67,Monthly,0,1
C1898,55,M,Italy,5,33.77,1,51,Annual,1,0
C1899,42,F,Netherlands,10,42.18,0,47,Monthly,0,1
C1900,32,M,Germany,24,33.02,2,87,Annual,0,1
C1901,44,F,France,18,27.28,1,46,Monthly,0,1
C1902,31,M,Italy,5,32.12,2,59,Annual,1,0
C1903,50,F,Canada,13,33.46,1,85,Annual,0,1
C1904,40,M,Netherlands,47,28.52,0,2,Monthly,1,0
C1905,34,M,Germany,31,21.94,0,8,Annual,1,0
C1906,41,M,France,8,27.69,0,81,Monthly,1,0
C1907,18,M,Belgium,73,38.81,0,92,Annual,0,0
C1908,22,F,France,23,39.17,0,36,Monthly,0,1
C1909,21,M,Italy,2,17.19,0,3,Annual,1,0
C1910,37,F,Germany,1,25.66,1,8,Monthly,1,0
C1911,56,F,France,4,36.18,0,0,Annual,1,0
C1912,62,M,France,24,20.91,0,34,Monthly,1,0
C1913,43,F,France,4,30.67,0,73,Annual,1,0
C1914,42,F,Spain,13,18.06,0,11,Annual,1,0
C1915,18,M,Belgium,2,43.94,0,17,Monthly,1,0
C1916,29,F,France,46,21.45,3,77,Annual,1,0
C1917,26,M,Canada,8,37.03,0,9,Annual,1,0
C1918,28,F,France,43,31.48,0,73,Monthly,0,1
C1919,33,F,Italy,53,30.02,1,17,Monthly,1,0
C1920,30,F,France,1,14.24,0,23,Monthly,0,1
C1921,18,M,Belgium,12,13.38,0,0,Monthly,1,0
C1922,44,M,Spain,1,23.24,0,78,Monthly,1,0
C1923,23,M,Italy,44,29.98,3,76,Monthly,0,1
C1924,38,M,Canada,14,23.0,1,92,Monthly,0,0
C1925,60,F,Italy,2,19.29,1,15,Monthly,0,1
C1926,24,F,Netherlands,3,38.49,0,84,Monthly,1,0
C1927,18,M,Spain,9,26.55,1,14,Annual,1,0
C1928,32,F,Belgium,51,26.91,3,70,Annual,1,0
C1929,49,F,Germany,22,41.24,0,4,Monthly,1,0
C1930,59,F,France,37,18.55,2,55,Annual,1,0
C1931,21,M,Germany,9,28.94,0,51,Annual,1,0
C1932,41,M,France,1,38.86,0,70,Annual,0,1
C1933,30,F,Italy,66,28.55,1,20,Monthly,1,0
C1934,34,F,Germany,1,36.01,0,26,Monthly,1,0
C1935,67,M,Italy,54,41.8,1,100,Annual,0,0
C1936,18,M,France,9,16.92,0,85,Annual,0,1
C1937,39,F,France,1,32.73,0,12,Annual,1,0
C1938,41,M,Germany,22,43.48,0,16,Annual,1,0
C1939,49,F,Netherlands,71,31.4,2,43,Monthly,1,0
C1940,37,F,Germany,61,41.88,2,12,Monthly,1,0
C1941,39,M,Germany,4,27.14,0,99,Monthly,0,1
C1942,31,M,Spain,4,19.51,0,72,Monthly,0,1
C1943,39,F,Italy,16,27.97,1,4,Annual,1,0
C1944,31,M,France,19,36.39,0,32,Monthly,1,0
C1945,43,M,Germany,25,43.97,0,3,Monthly,1,0
C1946,31,M,France,4,38.3,0,32,Annual,1,0
C1947,40,M,Netherlands,58,33.46,2,67,Monthly,1,0
C1948,35,M,France,19,35.59,1,15,Annual,1,0
C1949,49,F,Germany,34,29.04,3,26,Annual,1,0
C1950,35,F,France,14,37.22,0,44,Monthly,0,1
C1951,18,F,France,10,31.66,0,68,Monthly,1,0
C1952,51,F,Canada,69,35.57,1,54,Monthly,0,1
C1953,25,M,France,16,33.39,1,34,Monthly,1,0
C1954,28,F,France,37,17.16,0,24,Monthly,1,0
C1955,28,F,Germany,56,26.01,0,71,Monthly,1,0
C1956,52,F,France,21,27.74,2,80,Annual,0,1
C1957,18,F,France,15,16.5,0,73,Monthly,1,0
C1958,73,F,Canada,1,34.78,1,17,Annual,1,0
C1959,48,M,Spain,1,31.97,0,57,Monthly,1,0
C1960,38,F,Belgium,5,33.62,2,83,Monthly,0,1
C1961,35,M,Canada,4,20.73,0,56,Annual,0,1
C1962,39,M,Spain,6,36.04,0,86,Monthly,1,0
C1963,42,F,France,7,46.3,0,62,Monthly,1,0
C1964,43,F,Canada,9,29.86,0,11,Annual,1,0
C1965,42,F,Canada,10,32.48,0,10,Annual,1,0
C1966,37,M,Canada,2,30.25,0,12,Annual,1,0
C1967,33,M,Germany,1,39.24,0,34,Monthly,1,0
C1968,34,F,France,21,29.04,0,34,Monthly,1,0
C1969,33,M,Canada,14,28.55,0,95,Annual,0,1
C1970,49,M,Spain,11,29.02,1,66,Annual,1,0
C1971,43,F,Netherlands,19,52.76,0,88,Monthly,0,1
C1972,18,F,France,32,16.92,0,44,Annual,1,0
C1973,43,M,France,11,29.17,1,73,Monthly,1,0
C1974,38,M,France,19,20.56,1,80,Monthly,1,0
C1975,35,M,Canada,56,44.74,1,66,Monthly,1,0
C1976,31,M,France,33,25.3,4,21,Monthly,0,1
C1977,49,M,France,10,18.45,0,84,Monthly,1,0
C1978,47,F,Netherlands,19,39.11,0,41,Monthly,1,0
C1979,26,M,France,4,43.95,0,19,Monthly,1,0
C1980,40,M,Canada,15,33.58,0,47,Annual,1,0
C1981,24,M,Germany,72,32.97,3,17,Annual,1,0
C1982,19,F,Canada,14,31.75,0,86,Annual,1,0
C1983,28,F,Italy,48,35.39,1,69,Annual,1,0
C1984,46,F,Belgium,10,24.01,2,73,Monthly,1,0
C1985,47,F,Belgium,122,30.11,1,5,Monthly,1,0
C1986,42,F,France,16,23.74,3,49,Annual,1,0
C1987,44,M,France,1,20.66,1,21,Monthly,0,1
C1988,42,M,France,16,27.37,1,24,Monthly,1,0
C1989,28,F,Spain,6,33.86,1,54,Monthly,1,0
C1990,41,M,Canada,1,32.88,0,83,Annual,1,0
C1991,45,F,Germany,31,40.15,2,57,Monthly,1,0
C1992,45,F,Italy,6,26.25,1,36,Annual,1,0
C1993,50,F,France,29,34.19,1,22,Monthly,1,0
C1994,44,F,Canada,7,23.04,1,69,Annual,1,0
C1995,40,F,Netherlands,4,28.37,0,72,Annual,1,0
C1996,48,F,France,66,28.38,1,41,Annual,1,0
C1997,35,F,Germany,9,37.22,1,52,Monthly,1,0
C1998,25,M,France,17,32.56,2,99,Monthly,0,1
C1999,34,F,Italy,17,24.2,1,15,Annual,1,0
C2000,27,M,Germany,15,31.98,0,17,Monthly,1,0
